user_id,archetype,secondary_archetype,secondary_archetype_weight,danger_preference,luxury_preference,novelty_preference,historical_preference,technology_preference,nature_preference,fantasy_preference,space_preference,power_preference,budget_log10,budget_tier,price_sensitivity,popularity_preference,exploration_tendency,impulsiveness,activity_level,activity_tier,catalog_version,user_generation_version,generation_seed,created_at
synthetic-user-v1-000001,Power Seeker,,0.0,0.603,0.4527,0.7691,0.5069,0.4853,0.7304,0.6552,0.4905,0.8541,23.7881,ultra_high,0.1166,0.7086,0.5141,0.7379,0.3754,regular,synthetic_product_v1,synthetic_user_v1,42,2026-01-01T00:00:00Z
synthetic-user-v1-000002,Tech Futurist,Space Enthusiast,0.2143,0.574,0.6449,0.8621,0.3551,0.6174,0.323,0.4693,0.4603,0.3971,16.3078,high,0.4122,0.6129,0.8255,0.5827,0.5453,regular,synthetic_product_v1,synthetic_user_v1,42,2026-01-01T00:00:01Z
synthetic-user-v1-000003,Luxury Collector,,0.0,0.3198,0.94,0.8756,0.5279,0.1303,0.2413,0.719,0.3794,0.6144,17.3533,high,0.3459,0.4876,0.0136,0.4507,0.478,regular,synthetic_product_v1,synthetic_user_v1,42,2026-01-01T00:00:02Z
synthetic-user-v1-000004,Thrill Seeker,,0.0,1.0,0.3501,0.7436,0.2368,0.5976,0.468,0.163,0.2617,0.9658,9.7805,low,0.3734,0.2504,0.5898,0.8687,1.0,heavy,synthetic_product_v1,synthetic_user_v1,42,2026-01-01T00:00:03Z
synthetic-user-v1-000005,Curious Generalist,,0.0,0.66,0.4997,0.1456,0.4764,0.4103,0.3626,0.4218,0.5335,0.3663,18.3489,high,0.3224,0.6154,0.8876,0.673,0.3355,casual,synthetic_product_v1,synthetic_user_v1,42,2026-01-01T00:00:04Z
synthetic-user-v1-000006,Tech Futurist,,0.0,0.4046,0.8911,1.0,0.2583,0.7952,0.4102,0.5698,0.403,0.6172,19.6208,high,0.3978,0.6316,0.7443,0.3257,0.6007,regular,synthetic_product_v1,synthetic_user_v1,42,2026-01-01T00:00:05Z
synthetic-user-v1-000007,Curious Generalist,,0.0,0.3723,0.5229,0.8475,0.1338,0.528,0.7324,0.2411,0.7213,0.2114,14.1807,medium,0.4348,0.5964,0.4895,0.6981,0.6451,regular,synthetic_product_v1,synthetic_user_v1,42,2026-01-01T00:00:06Z
synthetic-user-v1-000008,Power Seeker,,0.0,0.5935,0.5924,0.7719,0.0,0.2432,0.3294,0.5559,0.2971,0.8447,14.9415,medium,0.1391,0.7239,0.5347,1.0,0.5778,regular,synthetic_product_v1,synthetic_user_v1,42,2026-01-01T00:00:07Z
synthetic-user-v1-000009,Space Enthusiast,,0.0,0.5285,0.8351,0.9745,0.4516,0.5789,0.2192,0.1718,1.0,0.7735,12.8837,medium,0.4215,0.3396,0.6165,0.7282,0.5206,regular,synthetic_product_v1,synthetic_user_v1,42,2026-01-01T00:00:08Z
synthetic-user-v1-000010,Tech Futurist,,0.0,0.2421,0.4055,0.7213,0.3217,0.7081,0.2478,0.3234,0.0556,0.7204,10.5659,low,0.2715,0.3257,0.8538,0.213,0.8548,heavy,synthetic_product_v1,synthetic_user_v1,42,2026-01-01T00:00:09Z
synthetic-user-v1-000011,Eclectic Browser,,0.0,0.4764,0.7328,0.7192,0.1559,0.6187,0.5835,0.3552,0.2855,0.8351,14.9196,medium,0.4949,0.2362,0.5478,0.2913,0.585,regular,synthetic_product_v1,synthetic_user_v1,42,2026-01-01T00:00:10Z
synthetic-user-v1-000012,Power Seeker,,0.0,0.7553,0.8935,0.7213,0.4383,0.6994,0.5401,0.706,0.1802,0.7658,19.0863,high,0.4819,0.4984,0.4529,1.0,0.714,regular,synthetic_product_v1,synthetic_user_v1,42,2026-01-01T00:00:11Z
synthetic-user-v1-000013,History Collector,Luxury Collector,0.3276,0.1307,0.8019,0.6838,0.6821,0.3387,0.6694,0.7576,0.4585,0.7074,16.3039,high,0.5913,0.2829,0.4209,0.7019,0.7078,regular,synthetic_product_v1,synthetic_user_v1,42,2026-01-01T00:00:12Z
synthetic-user-v1-000014,Nature Explorer,Power Seeker,0.3144,0.5248,0.008,0.399,0.3561,0.7891,0.6655,0.2711,0.1554,0.5215,12.4681,medium,0.4353,0.2192,0.8418,0.287,0.5329,regular,synthetic_product_v1,synthetic_user_v1,42,2026-01-01T00:00:13Z
synthetic-user-v1-000015,Fantasy Lover,,0.0,0.4334,0.4671,0.5743,0.3114,0.2379,0.1303,0.705,0.0629,0.4404,7.321,low,0.3201,0.2992,0.7461,0.5604,0.4362,regular,synthetic_product_v1,synthetic_user_v1,42,2026-01-01T00:00:14Z
synthetic-user-v1-000016,Tech Futurist,Power Seeker,0.2351,0.4556,0.7238,0.8712,0.5743,0.7597,0.5862,0.2794,0.4499,0.9947,7.5981,low,0.4863,0.4463,0.9862,0.8699,0.6571,regular,synthetic_product_v1,synthetic_user_v1,42,2026-01-01T00:00:15Z
synthetic-user-v1-000017,Power Seeker,History Collector,0.372,0.49,0.2008,0.8784,0.5698,0.2837,0.6611,0.6844,0.3829,0.5276,19.7569,high,0.0776,0.8678,0.0461,0.8334,0.5381,regular,synthetic_product_v1,synthetic_user_v1,42,2026-01-01T00:00:16Z
synthetic-user-v1-000018,Curious Generalist,Thrill Seeker,0.2656,0.6718,0.3228,0.5045,0.349,0.375,0.4838,0.2707,0.4897,0.6284,24.1822,absurd,0.6536,0.6378,0.4964,0.4336,0.6884,regular,synthetic_product_v1,synthetic_user_v1,42,2026-01-01T00:00:17Z
synthetic-user-v1-000019,Fantasy Lover,,0.0,0.7847,0.4827,0.5139,0.4268,0.3012,0.0305,0.6995,0.0694,0.3971,7.2853,low,0.7358,0.5599,0.8511,0.5865,0.4788,regular,synthetic_product_v1,synthetic_user_v1,42,2026-01-01T00:00:18Z
synthetic-user-v1-000020,Space Enthusiast,,0.0,0.6513,0.3283,0.9751,0.3453,0.6154,0.432,0.7647,1.0,0.486,22.2372,ultra_high,0.0963,0.2117,0.774,0.5063,0.6377,regular,synthetic_product_v1,synthetic_user_v1,42,2026-01-01T00:00:19Z
synthetic-user-v1-000021,History Collector,,0.0,0.405,0.5745,0.6178,0.7017,0.0891,0.3487,0.4094,0.5145,0.6018,12.5795,medium,1.0,0.6537,0.3624,0.339,0.3517,regular,synthetic_product_v1,synthetic_user_v1,42,2026-01-01T00:00:20Z
synthetic-user-v1-000022,Power Seeker,,0.0,0.5963,0.7219,0.751,0.531,0.3429,0.545,0.5624,0.557,0.9996,19.3216,high,0.1293,0.7345,0.2658,0.5982,0.6927,regular,synthetic_product_v1,synthetic_user_v1,42,2026-01-01T00:00:21Z
synthetic-user-v1-000023,Space Enthusiast,Curious Generalist,0.3454,0.6971,0.4223,0.6122,0.6461,1.0,0.6231,0.5021,0.5906,0.7629,23.472,ultra_high,0.5613,0.5353,0.7117,0.6464,0.2083,casual,synthetic_product_v1,synthetic_user_v1,42,2026-01-01T00:00:22Z
synthetic-user-v1-000024,Tech Futurist,,0.0,0.6395,0.5431,0.5977,0.2405,0.7932,0.1304,0.3941,0.4911,0.564,9.534,low,0.129,0.4957,0.2991,0.7081,0.3152,casual,synthetic_product_v1,synthetic_user_v1,42,2026-01-01T00:00:23Z
synthetic-user-v1-000025,Nature Explorer,,0.0,0.5354,0.2373,0.6023,0.3426,0.233,0.9934,0.5335,0.2799,0.4309,12.7112,medium,0.7132,0.3441,0.5463,0.4281,0.7545,regular,synthetic_product_v1,synthetic_user_v1,42,2026-01-01T00:00:24Z
synthetic-user-v1-000026,Tech Futurist,,0.0,0.5211,0.3594,0.66,0.0744,1.0,0.4564,0.3393,0.5149,0.6138,12.3917,medium,0.6699,0.7398,0.7564,0.7196,0.7715,regular,synthetic_product_v1,synthetic_user_v1,42,2026-01-01T00:00:25Z
synthetic-user-v1-000027,Nature Explorer,,0.0,0.34,0.5449,0.717,0.5654,0.3053,1.0,0.0465,0.2479,0.3269,9.3858,low,0.5191,0.1985,0.4883,0.5372,0.3588,regular,synthetic_product_v1,synthetic_user_v1,42,2026-01-01T00:00:26Z
synthetic-user-v1-000028,Tech Futurist,,0.0,0.5031,0.7111,0.6796,0.3872,0.9508,0.2666,0.3492,0.4458,0.2132,16.0927,high,0.3412,0.7489,0.7255,0.6744,0.7407,regular,synthetic_product_v1,synthetic_user_v1,42,2026-01-01T00:00:27Z
synthetic-user-v1-000029,Space Enthusiast,,0.0,0.701,0.4825,0.7892,0.3177,0.6614,0.4489,0.5009,0.9449,0.3858,22.3842,ultra_high,0.488,0.4149,0.6072,0.681,0.4624,regular,synthetic_product_v1,synthetic_user_v1,42,2026-01-01T00:00:28Z
synthetic-user-v1-000030,Power Seeker,,0.0,0.8246,0.4846,0.6169,0.565,1.0,0.5219,0.5865,0.6973,0.788,18.7204,high,0.4625,0.8245,0.3442,0.7644,0.5018,regular,synthetic_product_v1,synthetic_user_v1,42,2026-01-01T00:00:29Z
synthetic-user-v1-000031,Nature Explorer,,0.0,0.4855,0.5831,0.5463,0.3498,0.0698,1.0,0.1365,0.4193,0.6224,13.7218,medium,0.6931,0.2552,0.6052,0.0,0.4245,regular,synthetic_product_v1,synthetic_user_v1,42,2026-01-01T00:00:30Z
synthetic-user-v1-000032,Thrill Seeker,Power Seeker,0.3664,1.0,0.5535,0.6702,0.4455,0.4066,0.3814,0.377,0.2926,0.8816,10.0601,low,0.3917,0.6473,0.9021,0.9769,0.8371,heavy,synthetic_product_v1,synthetic_user_v1,42,2026-01-01T00:00:31Z
synthetic-user-v1-000033,Power Seeker,,0.0,0.5192,0.8293,0.7634,0.2132,0.5578,0.5097,0.6207,0.6455,0.895,14.1292,medium,0.5934,0.3786,0.4411,0.7335,0.787,regular,synthetic_product_v1,synthetic_user_v1,42,2026-01-01T00:00:32Z
synthetic-user-v1-000034,Tech Futurist,,0.0,0.3057,0.3711,0.6604,0.1232,0.6446,0.2362,0.3344,0.6272,0.7119,12.2166,medium,0.7021,0.684,0.5669,0.7337,0.7564,regular,synthetic_product_v1,synthetic_user_v1,42,2026-01-01T00:00:33Z
synthetic-user-v1-000035,Thrill Seeker,Tech Futurist,0.2153,0.9929,0.2175,0.5994,0.2006,0.3661,0.5983,0.5198,0.0707,0.4492,13.1977,medium,0.1435,0.3583,0.7557,0.9065,0.6083,regular,synthetic_product_v1,synthetic_user_v1,42,2026-01-01T00:00:34Z
synthetic-user-v1-000036,Space Enthusiast,,0.0,0.5284,0.4197,0.9309,0.2816,0.6572,0.5024,0.5217,0.6793,0.6523,22.072,ultra_high,0.38,0.7606,0.4919,0.6794,0.7161,regular,synthetic_product_v1,synthetic_user_v1,42,2026-01-01T00:00:35Z
synthetic-user-v1-000037,Nature Explorer,,0.0,0.4245,0.3328,0.8197,0.6148,0.2254,1.0,0.1071,0.0601,0.6008,10.5691,low,0.5579,0.0732,1.0,0.3165,0.5037,regular,synthetic_product_v1,synthetic_user_v1,42,2026-01-01T00:00:36Z
synthetic-user-v1-000038,Fantasy Lover,,0.0,0.3987,0.6874,0.6677,0.2775,0.5483,0.4521,0.6502,0.4448,0.4494,10.5521,low,0.3288,0.37,0.5496,0.7149,0.3278,casual,synthetic_product_v1,synthetic_user_v1,42,2026-01-01T00:00:37Z
synthetic-user-v1-000039,Curious Generalist,Tech Futurist,0.2683,0.5052,0.4395,0.7477,0.4744,0.5339,0.7386,0.2814,0.4677,0.5529,10.8408,low,0.2195,0.371,0.506,0.5515,0.3566,regular,synthetic_product_v1,synthetic_user_v1,42,2026-01-01T00:00:38Z
synthetic-user-v1-000040,History Collector,,0.0,0.4633,0.4354,0.2762,0.8714,0.293,0.3321,0.5721,0.4557,0.5083,16.5789,high,0.6741,0.5624,0.688,0.2349,0.125,casual,synthetic_product_v1,synthetic_user_v1,42,2026-01-01T00:00:39Z
synthetic-user-v1-000041,Curious Generalist,,0.0,0.583,0.7562,0.4642,0.4462,0.5538,0.2544,0.3434,0.477,0.5961,16.2045,high,0.3141,0.7451,0.7363,0.1579,0.2606,casual,synthetic_product_v1,synthetic_user_v1,42,2026-01-01T00:00:40Z
synthetic-user-v1-000042,Eclectic Browser,,0.0,0.8502,0.4178,0.6918,0.5617,0.6076,0.3876,0.6601,0.5842,0.5087,19.6754,high,0.7884,0.2044,0.6644,0.6824,0.4832,regular,synthetic_product_v1,synthetic_user_v1,42,2026-01-01T00:00:41Z
synthetic-user-v1-000043,Power Seeker,,0.0,0.6202,0.6633,0.6623,0.6184,0.7559,0.5678,0.5041,0.5173,1.0,20.0969,ultra_high,0.3617,0.6912,0.2278,0.3945,0.3156,casual,synthetic_product_v1,synthetic_user_v1,42,2026-01-01T00:00:42Z
synthetic-user-v1-000044,Eclectic Browser,Tech Futurist,0.367,0.3127,0.2835,0.6405,0.3558,0.6603,0.4388,0.6582,0.6801,0.645,15.9031,high,0.7763,0.7306,0.7931,0.5592,0.4686,regular,synthetic_product_v1,synthetic_user_v1,42,2026-01-01T00:00:43Z
synthetic-user-v1-000045,Tech Futurist,,0.0,0.4845,0.669,0.5505,0.4451,0.8798,0.4658,0.3653,0.4119,0.6991,12.8219,medium,0.4531,0.8382,0.6232,0.3559,0.4087,regular,synthetic_product_v1,synthetic_user_v1,42,2026-01-01T00:00:44Z
synthetic-user-v1-000046,Power Seeker,,0.0,0.7845,0.7415,0.6255,0.7606,0.5787,0.2741,0.7652,0.2496,0.6817,18.2493,high,0.5296,0.7422,0.4734,0.6057,0.4889,regular,synthetic_product_v1,synthetic_user_v1,42,2026-01-01T00:00:45Z
synthetic-user-v1-000047,Eclectic Browser,,0.0,0.3394,0.5544,0.5022,0.2648,0.8154,0.6769,0.4713,0.585,0.6727,15.5439,high,0.5751,0.0,0.7678,0.4327,1.0,heavy,synthetic_product_v1,synthetic_user_v1,42,2026-01-01T00:00:46Z
synthetic-user-v1-000048,Eclectic Browser,,0.0,0.5473,0.5544,0.8402,0.5418,0.2453,0.5294,0.6718,0.3232,0.8176,14.7325,medium,0.072,0.7974,0.6089,0.5856,0.2785,casual,synthetic_product_v1,synthetic_user_v1,42,2026-01-01T00:00:47Z
synthetic-user-v1-000049,Fantasy Lover,,0.0,0.2645,0.5253,0.7107,0.4158,0.1121,0.1815,0.7349,0.2803,0.8862,14.1273,medium,0.692,0.2737,0.7833,0.535,0.445,regular,synthetic_product_v1,synthetic_user_v1,42,2026-01-01T00:00:48Z
synthetic-user-v1-000050,Curious Generalist,,0.0,0.5378,0.189,1.0,0.4512,0.9623,0.5898,0.4897,0.3813,0.4244,15.9279,high,0.6509,0.5208,0.4252,0.2618,0.2924,casual,synthetic_product_v1,synthetic_user_v1,42,2026-01-01T00:00:49Z
synthetic-user-v1-000051,History Collector,Eclectic Browser,0.2472,0.3366,0.5155,0.6035,0.7683,0.4941,0.661,0.315,0.4423,0.6321,17.2585,high,0.7825,0.348,0.8302,0.4366,0.3351,casual,synthetic_product_v1,synthetic_user_v1,42,2026-01-01T00:00:50Z
synthetic-user-v1-000052,Thrill Seeker,,0.0,0.8866,0.4886,0.6986,0.359,0.2334,0.6686,0.6547,0.1797,0.2047,11.999,medium,0.3845,0.5097,0.5989,0.1511,0.7925,regular,synthetic_product_v1,synthetic_user_v1,42,2026-01-01T00:00:51Z
synthetic-user-v1-000053,Curious Generalist,,0.0,0.9601,0.4349,0.4958,0.3012,0.394,0.4891,0.4811,0.5691,0.4776,9.9928,low,0.7099,0.6342,1.0,0.5184,0.6283,regular,synthetic_product_v1,synthetic_user_v1,42,2026-01-01T00:00:52Z
synthetic-user-v1-000054,Eclectic Browser,,0.0,0.4665,0.3662,0.8599,0.0328,0.6529,0.7978,0.8419,0.6977,0.6347,14.2937,medium,0.2948,0.5782,0.737,0.5331,0.459,regular,synthetic_product_v1,synthetic_user_v1,42,2026-01-01T00:00:53Z
synthetic-user-v1-000055,History Collector,,0.0,0.5401,0.7605,0.4366,0.8709,0.4365,0.3219,0.1471,0.0967,0.6803,19.0707,high,0.3959,0.2777,0.3626,0.5555,0.6697,regular,synthetic_product_v1,synthetic_user_v1,42,2026-01-01T00:00:54Z
synthetic-user-v1-000056,Nature Explorer,Thrill Seeker,0.379,0.9335,0.4641,0.5654,0.2855,0.2039,0.8775,0.4493,0.1765,0.5553,15.9984,high,0.7678,0.5675,0.675,0.112,0.9642,heavy,synthetic_product_v1,synthetic_user_v1,42,2026-01-01T00:00:55Z
synthetic-user-v1-000057,Fantasy Lover,,0.0,0.2747,0.4437,0.768,0.4887,0.2177,0.1971,0.7111,0.0979,0.4823,14.1431,medium,0.4533,0.4088,1.0,0.2106,0.2772,casual,synthetic_product_v1,synthetic_user_v1,42,2026-01-01T00:00:56Z
synthetic-user-v1-000058,Power Seeker,,0.0,0.7009,0.6017,0.6995,0.6401,0.6133,0.3124,0.5607,0.3314,0.794,17.5356,high,0.6316,0.304,0.5479,0.8609,0.3628,regular,synthetic_product_v1,synthetic_user_v1,42,2026-01-01T00:00:57Z
synthetic-user-v1-000059,Eclectic Browser,,0.0,0.5045,0.6627,0.6868,0.6001,0.6687,0.6457,0.4349,0.6972,0.5735,21.0068,ultra_high,0.6027,0.3423,0.7469,0.5993,0.7462,regular,synthetic_product_v1,synthetic_user_v1,42,2026-01-01T00:00:58Z
synthetic-user-v1-000060,Nature Explorer,,0.0,0.2727,0.2426,0.6211,0.8616,0.336,0.4629,0.2857,0.3824,0.6457,15.8309,high,0.8146,0.1732,0.5005,0.4256,0.6557,regular,synthetic_product_v1,synthetic_user_v1,42,2026-01-01T00:00:59Z
synthetic-user-v1-000061,Nature Explorer,,0.0,0.1596,0.5192,0.5817,0.2109,0.1722,1.0,0.2048,0.305,0.4409,12.1152,medium,0.6014,0.2495,1.0,0.3374,0.284,casual,synthetic_product_v1,synthetic_user_v1,42,2026-01-01T00:01:00Z
synthetic-user-v1-000062,Space Enthusiast,,0.0,0.4271,0.3362,0.8961,0.1791,0.9806,0.5033,0.2434,0.6719,0.5692,22.0632,ultra_high,0.3127,0.7568,0.3832,0.5229,0.5974,regular,synthetic_product_v1,synthetic_user_v1,42,2026-01-01T00:01:01Z
synthetic-user-v1-000063,Nature Explorer,,0.0,0.3563,0.5746,0.8755,0.8969,0.271,0.7454,0.1449,0.6072,0.2539,11.5491,medium,0.9425,0.1676,0.9183,0.6427,0.4881,regular,synthetic_product_v1,synthetic_user_v1,42,2026-01-01T00:01:02Z
synthetic-user-v1-000064,History Collector,,0.0,0.3533,0.6423,0.2787,1.0,0.3703,0.7737,0.3226,0.2744,0.3428,15.7903,high,0.7881,0.6525,0.1279,0.0478,0.2056,casual,synthetic_product_v1,synthetic_user_v1,42,2026-01-01T00:01:03Z
synthetic-user-v1-000065,Space Enthusiast,Tech Futurist,0.2063,0.569,0.5394,0.864,0.3903,0.8456,0.6583,0.1266,0.9271,0.8776,17.5824,high,0.3521,0.6594,0.7136,0.3161,0.5643,regular,synthetic_product_v1,synthetic_user_v1,42,2026-01-01T00:01:04Z
synthetic-user-v1-000066,Luxury Collector,,0.0,0.53,0.8315,0.6709,0.7247,0.4032,0.2524,0.6981,0.3383,0.3941,15.0643,high,0.6107,0.8466,0.22,0.289,0.2385,casual,synthetic_product_v1,synthetic_user_v1,42,2026-01-01T00:01:05Z
synthetic-user-v1-000067,Space Enthusiast,,0.0,0.4611,0.6863,0.7863,0.6211,0.5994,0.6352,0.6107,0.7447,0.568,22.0129,ultra_high,0.2537,0.9099,0.5787,0.7968,0.4917,regular,synthetic_product_v1,synthetic_user_v1,42,2026-01-01T00:01:06Z
synthetic-user-v1-000068,Curious Generalist,Nature Explorer,0.3911,0.403,0.7907,0.7931,0.3565,0.2057,0.7342,0.7204,0.4019,0.7281,14.3046,medium,0.542,0.4171,1.0,0.6161,0.6358,regular,synthetic_product_v1,synthetic_user_v1,42,2026-01-01T00:01:07Z
synthetic-user-v1-000069,Eclectic Browser,Tech Futurist,0.2105,0.3414,0.6486,0.9321,0.6148,0.8274,0.5198,0.7055,0.4627,0.8862,12.5553,medium,0.4779,0.6344,0.7844,0.3142,0.5411,regular,synthetic_product_v1,synthetic_user_v1,42,2026-01-01T00:01:08Z
synthetic-user-v1-000070,Curious Generalist,Tech Futurist,0.307,0.2165,0.4822,0.2894,0.5527,0.576,0.5329,0.4092,0.9567,0.3055,11.7008,medium,0.9981,0.3714,0.9993,0.2966,0.6769,regular,synthetic_product_v1,synthetic_user_v1,42,2026-01-01T00:01:09Z
synthetic-user-v1-000071,Curious Generalist,Space Enthusiast,0.3857,0.4103,0.6931,0.5355,0.3147,0.6399,0.4634,0.3206,0.6232,0.6072,11.9932,medium,0.2773,0.5441,0.6403,0.393,0.5192,regular,synthetic_product_v1,synthetic_user_v1,42,2026-01-01T00:01:10Z
synthetic-user-v1-000072,Space Enthusiast,,0.0,0.6142,0.6369,0.926,0.275,0.5351,0.3718,0.4126,0.8018,0.6218,23.8954,ultra_high,0.4405,0.5717,0.4743,0.5954,0.5465,regular,synthetic_product_v1,synthetic_user_v1,42,2026-01-01T00:01:11Z
synthetic-user-v1-000073,Tech Futurist,Fantasy Lover,0.2604,0.4941,0.5509,0.6023,0.1817,0.8088,0.3462,0.4654,0.5838,0.3107,12.8991,medium,0.3329,0.9066,0.9096,0.4529,0.5753,regular,synthetic_product_v1,synthetic_user_v1,42,2026-01-01T00:01:12Z
synthetic-user-v1-000074,Eclectic Browser,History Collector,0.2956,0.733,0.0925,0.7807,0.4237,0.6725,0.7792,0.3947,0.5543,0.2809,15.3373,high,0.1844,0.3006,0.6022,0.5409,0.3889,regular,synthetic_product_v1,synthetic_user_v1,42,2026-01-01T00:01:13Z
synthetic-user-v1-000075,Tech Futurist,,0.0,0.5477,0.5412,0.9141,0.0459,0.9288,0.4896,0.5607,0.7399,0.4143,14.619,medium,0.2746,0.7673,0.524,0.63,0.577,regular,synthetic_product_v1,synthetic_user_v1,42,2026-01-01T00:01:14Z
synthetic-user-v1-000076,Luxury Collector,,0.0,0.3492,0.6816,0.5,0.5359,0.3585,0.5415,0.4967,0.4922,0.6221,19.3238,high,0.4873,0.5061,0.6945,0.4967,0.5537,regular,synthetic_product_v1,synthetic_user_v1,42,2026-01-01T00:01:15Z
synthetic-user-v1-000077,Fantasy Lover,,0.0,0.4204,0.583,0.7568,0.5581,0.187,0.1591,1.0,0.285,0.8154,9.9348,low,0.358,0.9266,0.8844,0.6453,0.682,regular,synthetic_product_v1,synthetic_user_v1,42,2026-01-01T00:01:16Z
synthetic-user-v1-000078,Luxury Collector,,0.0,0.2594,1.0,0.9211,0.5346,0.532,0.7209,0.4395,0.3972,0.177,11.8479,medium,0.3951,0.8007,0.3655,0.5604,0.5361,regular,synthetic_product_v1,synthetic_user_v1,42,2026-01-01T00:01:17Z
synthetic-user-v1-000079,Curious Generalist,Tech Futurist,0.3875,0.48,0.472,0.7313,0.2988,0.689,0.1106,0.5756,0.4868,0.6124,14.9644,medium,0.3793,0.832,0.759,0.3605,0.3207,casual,synthetic_product_v1,synthetic_user_v1,42,2026-01-01T00:01:18Z
synthetic-user-v1-000080,Luxury Collector,Curious Generalist,0.228,0.4284,0.9092,0.5843,0.7631,0.384,0.2017,0.358,0.4518,0.4948,22.7313,ultra_high,0.3655,0.6952,0.3039,0.5919,0.102,casual,synthetic_product_v1,synthetic_user_v1,42,2026-01-01T00:01:19Z
synthetic-user-v1-000081,Power Seeker,,0.0,0.6608,0.5211,0.5518,0.2962,0.6907,0.4627,0.4526,0.3172,0.6359,17.7909,high,0.3874,0.7703,0.6346,0.7281,0.5226,regular,synthetic_product_v1,synthetic_user_v1,42,2026-01-01T00:01:20Z
synthetic-user-v1-000082,Tech Futurist,,0.0,0.5942,0.6899,0.8905,0.5044,0.9285,0.1298,0.4985,0.3762,0.7192,12.4116,medium,0.316,0.6638,0.3099,0.4465,0.684,regular,synthetic_product_v1,synthetic_user_v1,42,2026-01-01T00:01:21Z
synthetic-user-v1-000083,Eclectic Browser,Power Seeker,0.3347,0.3504,0.3441,0.7826,0.7308,0.5237,0.3178,0.2631,0.5549,0.4739,21.5267,ultra_high,0.503,0.5674,0.7988,0.8084,1.0,heavy,synthetic_product_v1,synthetic_user_v1,42,2026-01-01T00:01:22Z
synthetic-user-v1-000084,Luxury Collector,History Collector,0.2793,0.3363,0.8264,0.7039,0.6412,0.6163,0.3607,0.3416,0.1303,0.8562,11.2168,medium,0.5045,0.4197,0.2882,0.4619,0.5388,regular,synthetic_product_v1,synthetic_user_v1,42,2026-01-01T00:01:23Z
synthetic-user-v1-000085,Eclectic Browser,,0.0,0.8866,0.5906,0.6984,0.4511,0.3599,0.5003,0.5749,0.4185,0.6084,17.0463,high,0.3994,0.0702,0.685,0.4025,0.5376,regular,synthetic_product_v1,synthetic_user_v1,42,2026-01-01T00:01:24Z
synthetic-user-v1-000086,Power Seeker,,0.0,0.9016,0.5766,0.3811,0.2279,0.6133,0.3674,0.6204,0.3423,0.8506,25.5169,absurd,0.5232,0.6218,0.4676,0.6534,0.2989,casual,synthetic_product_v1,synthetic_user_v1,42,2026-01-01T00:01:25Z
synthetic-user-v1-000087,Luxury Collector,,0.0,0.3373,0.8754,0.7267,0.7717,0.5633,0.4579,0.5145,0.5532,0.8318,18.085,high,0.3907,0.7027,0.313,0.1383,0.8338,heavy,synthetic_product_v1,synthetic_user_v1,42,2026-01-01T00:01:26Z
synthetic-user-v1-000088,Space Enthusiast,Nature Explorer,0.3071,0.4546,0.4615,0.8733,0.3561,0.3825,0.7102,0.2975,0.8731,0.4594,20.7366,ultra_high,0.4173,0.7484,0.6403,0.3721,0.8199,heavy,synthetic_product_v1,synthetic_user_v1,42,2026-01-01T00:01:27Z
synthetic-user-v1-000089,Tech Futurist,,0.0,0.3645,0.6104,0.706,0.2222,0.9009,0.2421,0.6315,0.4579,0.7999,13.6049,medium,0.6406,0.4269,0.4276,0.8654,0.4733,regular,synthetic_product_v1,synthetic_user_v1,42,2026-01-01T00:01:28Z
synthetic-user-v1-000090,Curious Generalist,,0.0,0.6535,0.3148,1.0,0.855,0.4644,0.631,0.4538,0.6799,0.3972,12.3212,medium,0.8064,0.4246,0.6273,0.7258,0.4917,regular,synthetic_product_v1,synthetic_user_v1,42,2026-01-01T00:01:29Z
synthetic-user-v1-000091,Fantasy Lover,,0.0,0.6839,0.8417,0.8285,0.4907,0.533,0.5935,1.0,0.0,0.6172,15.6815,high,0.2996,0.4206,0.4587,0.3254,0.21,casual,synthetic_product_v1,synthetic_user_v1,42,2026-01-01T00:01:30Z
synthetic-user-v1-000092,Eclectic Browser,,0.0,0.755,0.4759,0.64,0.4758,0.4126,0.6651,0.667,0.7437,0.6703,11.9529,medium,0.6257,0.449,0.6104,0.3188,0.5011,regular,synthetic_product_v1,synthetic_user_v1,42,2026-01-01T00:01:31Z
synthetic-user-v1-000093,History Collector,,0.0,0.4078,0.8811,0.4473,0.9523,0.2058,0.4196,0.3986,0.1074,0.5514,17.672,high,0.8446,0.452,0.2782,0.1645,0.4202,regular,synthetic_product_v1,synthetic_user_v1,42,2026-01-01T00:01:32Z
synthetic-user-v1-000094,Tech Futurist,Nature Explorer,0.2889,0.571,0.5275,0.6383,0.5325,0.7881,0.288,0.3039,0.4906,0.6415,9.1882,low,0.5714,0.259,0.8255,0.546,0.5389,regular,synthetic_product_v1,synthetic_user_v1,42,2026-01-01T00:01:33Z
synthetic-user-v1-000095,Curious Generalist,,0.0,0.4677,0.3277,0.7392,0.5146,0.2788,0.4978,0.5714,0.5908,0.5296,16.1738,high,0.6825,0.4533,0.9693,0.1711,0.6219,regular,synthetic_product_v1,synthetic_user_v1,42,2026-01-01T00:01:34Z
synthetic-user-v1-000096,Thrill Seeker,,0.0,1.0,0.1985,0.7458,0.2367,0.5026,0.7804,0.4468,0.4651,0.6188,13.5942,medium,0.0,0.6016,0.5991,0.6016,0.5523,regular,synthetic_product_v1,synthetic_user_v1,42,2026-01-01T00:01:35Z
synthetic-user-v1-000097,History Collector,,0.0,0.1834,0.531,0.4208,0.8932,0.2274,0.5837,0.3585,0.0145,0.8235,15.4467,high,0.7969,0.4683,0.2128,0.4316,0.373,regular,synthetic_product_v1,synthetic_user_v1,42,2026-01-01T00:01:36Z
synthetic-user-v1-000098,Nature Explorer,,0.0,0.4158,0.4965,0.8673,0.7342,0.3234,0.9828,0.2615,0.4391,0.2116,17.7801,high,0.6893,0.0916,0.8181,0.5103,0.737,regular,synthetic_product_v1,synthetic_user_v1,42,2026-01-01T00:01:37Z
synthetic-user-v1-000099,Space Enthusiast,History Collector,0.343,0.4741,0.5403,0.8339,0.5409,0.3958,0.611,0.5757,0.5296,0.2973,19.0631,high,0.7319,0.3302,0.561,0.7447,0.327,casual,synthetic_product_v1,synthetic_user_v1,42,2026-01-01T00:01:38Z
synthetic-user-v1-000100,Luxury Collector,,0.0,0.4594,0.7285,0.7624,1.0,0.606,0.3489,0.3349,0.387,0.2045,16.1042,high,0.5475,0.9349,0.1044,0.3089,0.4811,regular,synthetic_product_v1,synthetic_user_v1,42,2026-01-01T00:01:39Z
synthetic-user-v1-000101,Fantasy Lover,,0.0,0.3998,0.6133,0.7498,0.2689,0.2028,0.3596,0.9443,0.3316,0.3269,15.8607,high,0.7509,0.6179,0.781,0.4392,0.849,heavy,synthetic_product_v1,synthetic_user_v1,42,2026-01-01T00:01:40Z
synthetic-user-v1-000102,Space Enthusiast,,0.0,0.5302,0.3901,0.7456,0.334,0.5275,0.4094,0.6273,1.0,0.7859,17.8021,high,0.6998,1.0,0.6243,0.5738,0.3531,regular,synthetic_product_v1,synthetic_user_v1,42,2026-01-01T00:01:41Z
synthetic-user-v1-000103,Thrill Seeker,Luxury Collector,0.2853,0.4351,0.6159,0.6239,0.3251,0.3917,0.4289,0.4252,0.0495,0.5518,12.4903,medium,0.2837,0.4103,1.0,0.8948,0.8251,heavy,synthetic_product_v1,synthetic_user_v1,42,2026-01-01T00:01:42Z
synthetic-user-v1-000104,Thrill Seeker,,0.0,0.6687,0.2714,0.7049,0.3457,0.5544,0.5313,0.277,0.5156,0.7205,9.2084,low,0.4133,0.5703,0.6331,0.8522,0.8157,heavy,synthetic_product_v1,synthetic_user_v1,42,2026-01-01T00:01:43Z
synthetic-user-v1-000105,Nature Explorer,,0.0,0.5721,0.0395,0.4184,0.3518,0.2343,0.9889,0.4148,0.4537,0.6001,14.8086,medium,0.4685,0.166,0.8166,0.0,0.3965,regular,synthetic_product_v1,synthetic_user_v1,42,2026-01-01T00:01:44Z
synthetic-user-v1-000106,Thrill Seeker,,0.0,0.7865,0.4648,0.8257,0.2951,0.5799,0.7415,0.2537,0.6416,0.4552,9.5325,low,0.098,0.614,0.6344,0.6517,0.7115,regular,synthetic_product_v1,synthetic_user_v1,42,2026-01-01T00:01:45Z
synthetic-user-v1-000107,Thrill Seeker,,0.0,0.827,0.2521,0.8426,0.4993,0.5121,0.5117,0.5518,0.4033,0.6829,16.5729,high,0.1489,0.2448,0.7463,0.6783,0.4162,regular,synthetic_product_v1,synthetic_user_v1,42,2026-01-01T00:01:46Z
synthetic-user-v1-000108,Fantasy Lover,,0.0,0.4943,0.7596,0.7086,0.4915,0.0799,0.2552,0.9105,0.0872,0.7983,10.7127,low,0.4843,0.4874,0.6312,0.9669,0.4184,regular,synthetic_product_v1,synthetic_user_v1,42,2026-01-01T00:01:47Z
synthetic-user-v1-000109,Space Enthusiast,Eclectic Browser,0.3551,0.5523,0.8296,0.5863,0.3375,0.5692,0.3052,0.4829,0.8256,0.6058,22.4675,ultra_high,0.4844,0.5365,0.8397,0.3107,0.7258,regular,synthetic_product_v1,synthetic_user_v1,42,2026-01-01T00:01:48Z
synthetic-user-v1-000110,Tech Futurist,Nature Explorer,0.3905,0.6956,0.1598,0.6682,0.4352,0.5604,0.5266,0.1962,0.5433,0.6323,10.3999,low,0.5618,0.6849,0.5806,0.6656,0.3876,regular,synthetic_product_v1,synthetic_user_v1,42,2026-01-01T00:01:49Z
synthetic-user-v1-000111,Power Seeker,,0.0,0.6008,0.6753,0.4885,0.3137,0.5051,0.4648,0.6257,0.1768,0.6618,21.3625,ultra_high,0.0,0.4801,0.4885,0.3691,0.5245,regular,synthetic_product_v1,synthetic_user_v1,42,2026-01-01T00:01:50Z
synthetic-user-v1-000112,Eclectic Browser,,0.0,0.4212,0.8569,0.9365,0.3162,0.3746,0.7378,0.3694,0.2138,0.8217,16.5884,high,0.3914,0.6119,0.7289,0.549,0.4725,regular,synthetic_product_v1,synthetic_user_v1,42,2026-01-01T00:01:51Z
synthetic-user-v1-000113,History Collector,,0.0,0.4608,0.3507,0.5238,0.8311,0.1262,0.283,0.7465,0.2776,0.6466,19.2745,high,0.6497,0.8243,0.3693,0.4352,0.6299,regular,synthetic_product_v1,synthetic_user_v1,42,2026-01-01T00:01:52Z
synthetic-user-v1-000114,Curious Generalist,,0.0,0.4085,0.5806,0.5704,0.4776,0.571,0.4115,0.3111,0.6925,0.6117,13.7435,medium,0.475,0.5839,0.7731,0.558,0.2514,casual,synthetic_product_v1,synthetic_user_v1,42,2026-01-01T00:01:53Z
synthetic-user-v1-000115,History Collector,Tech Futurist,0.3039,0.3912,0.6565,0.5449,0.7864,0.6584,0.2498,0.2718,0.326,0.8226,19.3917,high,0.7698,0.3762,0.5484,0.468,0.5773,regular,synthetic_product_v1,synthetic_user_v1,42,2026-01-01T00:01:54Z
synthetic-user-v1-000116,Power Seeker,,0.0,0.3695,0.5934,0.586,0.2775,0.4649,0.4965,0.6777,0.5011,1.0,22.1363,ultra_high,0.1756,0.7246,0.5087,0.6535,0.5299,regular,synthetic_product_v1,synthetic_user_v1,42,2026-01-01T00:01:55Z
synthetic-user-v1-000117,Space Enthusiast,Power Seeker,0.2703,0.2902,0.6978,0.7016,0.6372,0.6328,0.6953,0.3805,0.6176,0.6959,20.2477,ultra_high,0.1019,0.648,0.8564,0.525,0.7806,regular,synthetic_product_v1,synthetic_user_v1,42,2026-01-01T00:01:56Z
synthetic-user-v1-000118,Nature Explorer,,0.0,0.6078,0.4399,0.3421,0.4906,0.4376,0.8928,0.5278,0.6525,0.6447,15.3316,high,0.5338,0.5127,0.8198,0.2028,0.6029,regular,synthetic_product_v1,synthetic_user_v1,42,2026-01-01T00:01:57Z
synthetic-user-v1-000119,Eclectic Browser,,0.0,0.6642,0.6597,0.7621,0.4751,0.5373,0.5561,0.6773,0.9036,0.7229,14.0423,medium,0.7522,0.5003,0.6321,0.3462,0.5954,regular,synthetic_product_v1,synthetic_user_v1,42,2026-01-01T00:01:58Z
synthetic-user-v1-000120,Curious Generalist,,0.0,0.6319,0.5684,0.6747,0.8369,0.6917,0.6218,0.4951,0.3814,0.7284,14.8607,medium,0.4482,0.4285,0.2582,0.6696,0.2901,casual,synthetic_product_v1,synthetic_user_v1,42,2026-01-01T00:01:59Z
synthetic-user-v1-000121,Tech Futurist,History Collector,0.2172,0.2971,0.6721,0.5933,0.3782,0.7411,0.0809,0.5792,0.5912,0.5917,11.2881,medium,0.4227,0.6692,0.3586,0.5819,0.8295,heavy,synthetic_product_v1,synthetic_user_v1,42,2026-01-01T00:02:00Z
synthetic-user-v1-000122,History Collector,,0.0,0.4523,0.6407,0.8514,0.8852,0.3013,0.5448,0.2606,0.4725,0.6487,15.4352,high,0.4875,0.4773,0.1471,0.3106,0.4066,regular,synthetic_product_v1,synthetic_user_v1,42,2026-01-01T00:02:01Z
synthetic-user-v1-000123,Fantasy Lover,,0.0,0.5476,0.6345,0.4909,0.3652,0.3758,0.549,1.0,0.4071,0.6862,15.3874,high,0.5227,0.8426,0.5111,0.1512,0.4539,regular,synthetic_product_v1,synthetic_user_v1,42,2026-01-01T00:02:02Z
synthetic-user-v1-000124,Eclectic Browser,,0.0,0.4644,0.3767,0.7684,0.2591,0.6883,0.5614,0.6639,0.4183,0.7054,16.5394,high,0.6396,0.0011,0.8852,0.5585,0.5946,regular,synthetic_product_v1,synthetic_user_v1,42,2026-01-01T00:02:03Z
synthetic-user-v1-000125,Nature Explorer,,0.0,0.3977,0.6825,0.5252,0.6596,0.387,0.8854,0.1746,0.2968,0.3719,10.1654,low,0.4893,0.3668,0.6025,0.6541,0.414,regular,synthetic_product_v1,synthetic_user_v1,42,2026-01-01T00:02:04Z
synthetic-user-v1-000126,Space Enthusiast,Curious Generalist,0.3865,0.3416,0.746,0.7113,0.2725,0.4204,0.6559,0.4205,0.7219,0.4093,20.3076,ultra_high,0.5708,1.0,0.2182,0.6961,0.4161,regular,synthetic_product_v1,synthetic_user_v1,42,2026-01-01T00:02:05Z
synthetic-user-v1-000127,Power Seeker,,0.0,0.7511,0.7211,0.7517,0.5116,0.6433,0.2837,0.6904,0.3319,0.8772,14.5446,medium,0.2908,0.4902,0.5785,0.9925,0.3938,regular,synthetic_product_v1,synthetic_user_v1,42,2026-01-01T00:02:06Z
synthetic-user-v1-000128,Fantasy Lover,Tech Futurist,0.2522,0.6223,0.4509,0.9913,0.3677,0.2327,0.292,0.8675,0.4539,0.7186,12.7437,medium,0.5138,0.6094,0.4803,0.6132,0.2956,casual,synthetic_product_v1,synthetic_user_v1,42,2026-01-01T00:02:07Z
synthetic-user-v1-000129,Thrill Seeker,,0.0,0.9765,0.3959,0.695,0.4372,0.5483,0.6841,0.3229,0.1044,0.735,10.6867,low,0.1347,0.5742,0.8137,0.672,0.7825,regular,synthetic_product_v1,synthetic_user_v1,42,2026-01-01T00:02:08Z
synthetic-user-v1-000130,Tech Futurist,,0.0,0.6312,0.5488,1.0,0.5098,0.9016,0.0462,0.4786,0.4702,0.8182,13.5469,medium,0.8469,0.6354,0.7347,0.5184,0.5268,regular,synthetic_product_v1,synthetic_user_v1,42,2026-01-01T00:02:09Z
synthetic-user-v1-000131,Luxury Collector,,0.0,0.1632,1.0,0.4501,0.4332,0.4638,0.7124,0.5379,0.388,0.7617,14.6325,medium,0.8584,0.7973,0.1981,0.5544,0.7396,regular,synthetic_product_v1,synthetic_user_v1,42,2026-01-01T00:02:10Z
synthetic-user-v1-000132,Luxury Collector,Fantasy Lover,0.3643,0.4509,0.7261,0.655,0.5161,0.3426,0.4208,0.7226,0.2963,0.9678,20.5702,ultra_high,0.5642,0.8705,0.1462,0.4729,0.524,regular,synthetic_product_v1,synthetic_user_v1,42,2026-01-01T00:02:11Z
synthetic-user-v1-000133,Luxury Collector,Tech Futurist,0.2766,0.1636,0.9013,0.6624,0.415,0.7882,0.3794,0.6138,0.4241,0.5838,13.1612,medium,0.3889,0.5747,0.2764,0.3341,0.5024,regular,synthetic_product_v1,synthetic_user_v1,42,2026-01-01T00:02:12Z
synthetic-user-v1-000134,Space Enthusiast,,0.0,0.5365,0.847,0.7734,0.3238,0.9455,0.3519,0.3766,0.7594,0.5213,21.7178,ultra_high,0.433,0.802,0.6954,0.134,0.6845,regular,synthetic_product_v1,synthetic_user_v1,42,2026-01-01T00:02:13Z
synthetic-user-v1-000135,Nature Explorer,,0.0,0.6583,0.3125,0.7777,0.4628,0.7339,0.6843,0.3542,0.4543,0.3915,16.9694,high,0.8071,0.3017,0.5595,0.2791,0.4379,regular,synthetic_product_v1,synthetic_user_v1,42,2026-01-01T00:02:14Z
synthetic-user-v1-000136,Power Seeker,,0.0,0.6335,0.7712,0.3904,0.6765,0.513,0.4401,0.5897,0.6437,0.955,21.8939,ultra_high,0.1712,0.8964,0.4871,0.5488,0.6756,regular,synthetic_product_v1,synthetic_user_v1,42,2026-01-01T00:02:15Z
synthetic-user-v1-000137,Eclectic Browser,Fantasy Lover,0.2119,0.7234,0.7128,0.7531,0.5403,0.3651,0.5004,0.8816,0.6112,0.4819,11.6075,medium,0.6035,0.7689,0.7758,0.3166,0.5778,regular,synthetic_product_v1,synthetic_user_v1,42,2026-01-01T00:02:16Z
synthetic-user-v1-000138,Curious Generalist,,0.0,0.5883,0.4271,0.8487,0.2093,0.3925,0.4164,0.4115,0.3314,0.2867,10.9751,low,0.5172,0.6582,0.9501,0.4835,0.7527,regular,synthetic_product_v1,synthetic_user_v1,42,2026-01-01T00:02:17Z
synthetic-user-v1-000139,Space Enthusiast,,0.0,0.6625,0.3386,0.6275,0.3383,0.539,0.7647,0.1751,0.7128,0.7287,22.6375,ultra_high,0.4867,0.4897,0.7496,0.1131,0.5346,regular,synthetic_product_v1,synthetic_user_v1,42,2026-01-01T00:02:18Z
synthetic-user-v1-000140,Power Seeker,,0.0,0.3597,0.4954,0.4133,0.4676,0.5708,0.4816,0.7881,0.2739,1.0,18.3258,high,0.1165,0.7511,0.5234,0.8989,0.5944,regular,synthetic_product_v1,synthetic_user_v1,42,2026-01-01T00:02:19Z
synthetic-user-v1-000141,Luxury Collector,,0.0,0.2278,0.9949,0.7141,0.3518,0.2422,0.293,0.5068,0.5532,0.6327,15.7549,high,0.5786,0.8503,0.4407,0.4303,0.6089,regular,synthetic_product_v1,synthetic_user_v1,42,2026-01-01T00:02:20Z
synthetic-user-v1-000142,Thrill Seeker,Eclectic Browser,0.2676,0.731,0.7784,0.698,0.3149,0.3383,0.4821,0.3029,0.3769,0.7232,7.5382,low,0.0767,0.5835,0.9403,0.7076,1.0,heavy,synthetic_product_v1,synthetic_user_v1,42,2026-01-01T00:02:21Z
synthetic-user-v1-000143,Thrill Seeker,,0.0,0.8489,0.4887,0.582,0.446,0.4265,0.623,0.5085,0.3816,0.8504,7.7426,low,0.2906,0.5286,0.9873,1.0,0.6193,regular,synthetic_product_v1,synthetic_user_v1,42,2026-01-01T00:02:22Z
synthetic-user-v1-000144,Space Enthusiast,Power Seeker,0.2942,0.524,0.6768,0.6194,0.3099,0.5044,0.3684,0.5225,0.7552,0.7128,18.3203,high,0.5474,0.3819,0.7818,0.7011,0.622,regular,synthetic_product_v1,synthetic_user_v1,42,2026-01-01T00:02:23Z
synthetic-user-v1-000145,Fantasy Lover,Nature Explorer,0.3616,0.2869,0.6333,0.6918,0.5362,0.1771,0.6748,0.9021,0.2786,0.8071,10.477,low,0.6095,0.2413,0.8767,0.8241,0.5437,regular,synthetic_product_v1,synthetic_user_v1,42,2026-01-01T00:02:24Z
synthetic-user-v1-000146,History Collector,,0.0,0.4251,0.2693,0.322,1.0,0.6523,0.1294,0.5029,0.2949,0.6458,16.812,high,0.9138,0.559,0.4796,0.6651,0.4898,regular,synthetic_product_v1,synthetic_user_v1,42,2026-01-01T00:02:25Z
synthetic-user-v1-000147,Tech Futurist,Nature Explorer,0.2639,0.4331,0.2398,0.8899,0.4904,0.4156,0.3518,0.0192,0.3943,0.8507,13.3615,medium,0.3167,0.6879,0.7066,0.2884,0.3523,regular,synthetic_product_v1,synthetic_user_v1,42,2026-01-01T00:02:26Z
synthetic-user-v1-000148,History Collector,,0.0,0.2941,0.7411,0.5645,0.9318,0.064,0.7218,0.1362,0.3302,0.463,14.2988,medium,0.5449,0.4487,0.1752,0.4689,0.2462,casual,synthetic_product_v1,synthetic_user_v1,42,2026-01-01T00:02:27Z
synthetic-user-v1-000149,Space Enthusiast,,0.0,0.369,0.653,0.8975,0.2111,0.833,0.5554,0.332,1.0,0.4309,25.038,absurd,0.759,0.752,0.4073,0.5917,0.4406,regular,synthetic_product_v1,synthetic_user_v1,42,2026-01-01T00:02:28Z
synthetic-user-v1-000150,Fantasy Lover,,0.0,0.5302,0.5491,0.4443,0.3687,0.5833,0.3053,0.8276,0.0,0.8067,9.1176,low,0.2671,0.502,0.9591,0.6925,0.6441,regular,synthetic_product_v1,synthetic_user_v1,42,2026-01-01T00:02:29Z
synthetic-user-v1-000151,Fantasy Lover,Thrill Seeker,0.2807,0.677,0.3292,0.6358,0.3938,0.4623,0.3573,0.7881,0.3515,0.8433,12.8859,medium,0.6229,0.3435,0.7004,0.8378,0.5842,regular,synthetic_product_v1,synthetic_user_v1,42,2026-01-01T00:02:30Z
synthetic-user-v1-000152,Thrill Seeker,Power Seeker,0.3188,0.6938,0.6259,0.9987,0.2441,0.4252,0.7317,0.7655,0.3975,0.547,10.8518,low,0.4088,0.6603,1.0,0.7337,0.8736,heavy,synthetic_product_v1,synthetic_user_v1,42,2026-01-01T00:02:31Z
synthetic-user-v1-000153,Tech Futurist,,0.0,0.4244,0.4662,0.7229,0.3673,0.9217,0.0316,0.7518,0.4897,0.5096,9.7492,low,0.4977,0.6621,0.4954,0.8108,0.7571,regular,synthetic_product_v1,synthetic_user_v1,42,2026-01-01T00:02:32Z
synthetic-user-v1-000154,Tech Futurist,,0.0,0.4328,0.4743,0.8538,0.3477,1.0,0.1682,0.1323,0.4107,0.6848,8.5907,low,0.5918,0.4648,0.4917,0.311,0.6008,regular,synthetic_product_v1,synthetic_user_v1,42,2026-01-01T00:02:33Z
synthetic-user-v1-000155,Nature Explorer,Eclectic Browser,0.2963,0.4291,0.5258,0.5851,0.5947,0.1435,0.4603,0.3289,0.3251,0.4028,12.2588,medium,0.7409,0.4175,0.5497,0.3335,0.9228,heavy,synthetic_product_v1,synthetic_user_v1,42,2026-01-01T00:02:34Z
synthetic-user-v1-000156,Tech Futurist,Luxury Collector,0.3995,0.4957,0.686,0.8484,0.4171,0.7419,0.2937,0.2307,0.529,0.8715,13.6411,medium,0.58,0.2275,0.539,0.3201,0.8393,heavy,synthetic_product_v1,synthetic_user_v1,42,2026-01-01T00:02:35Z
synthetic-user-v1-000157,Eclectic Browser,,0.0,0.7564,0.2244,0.7304,0.5458,0.6459,0.6591,0.6973,0.2966,0.6686,19.1325,high,0.5306,0.2974,1.0,0.4563,0.6201,regular,synthetic_product_v1,synthetic_user_v1,42,2026-01-01T00:02:36Z
synthetic-user-v1-000158,Eclectic Browser,,0.0,0.8439,0.4911,0.8332,0.5872,0.4148,0.7114,0.4424,0.6078,0.5489,17.7154,high,0.5854,0.3495,0.802,0.6436,0.5242,regular,synthetic_product_v1,synthetic_user_v1,42,2026-01-01T00:02:37Z
synthetic-user-v1-000159,Fantasy Lover,,0.0,0.6195,0.6413,0.5452,0.5922,0.4974,0.262,0.7672,0.552,0.7135,8.588,low,0.3631,0.5084,0.6469,0.5201,0.4537,regular,synthetic_product_v1,synthetic_user_v1,42,2026-01-01T00:02:38Z
synthetic-user-v1-000160,Fantasy Lover,Space Enthusiast,0.2979,0.8029,0.5658,0.6516,0.2797,0.293,0.0609,0.9517,0.4479,0.6799,12.906,medium,0.6169,0.534,0.7185,0.4573,0.6952,regular,synthetic_product_v1,synthetic_user_v1,42,2026-01-01T00:02:39Z
synthetic-user-v1-000161,Nature Explorer,,0.0,0.3753,0.2935,0.5689,0.3421,0.3885,0.994,0.2179,0.2989,0.5603,10.2422,low,0.9065,0.2156,0.627,0.8809,0.5163,regular,synthetic_product_v1,synthetic_user_v1,42,2026-01-01T00:02:40Z
synthetic-user-v1-000162,Eclectic Browser,,0.0,0.2398,0.6229,0.6123,0.6268,0.9204,0.7116,0.5201,0.5849,0.8255,18.3155,high,0.3623,0.4215,0.6454,0.7956,0.8751,heavy,synthetic_product_v1,synthetic_user_v1,42,2026-01-01T00:02:41Z
synthetic-user-v1-000163,Nature Explorer,Tech Futurist,0.3542,0.3134,0.3007,0.7391,0.4567,0.5149,0.6314,0.465,0.5079,0.6367,14.1049,medium,0.487,0.3403,0.6974,0.2989,0.5536,regular,synthetic_product_v1,synthetic_user_v1,42,2026-01-01T00:02:42Z
synthetic-user-v1-000164,History Collector,,0.0,0.4152,0.5018,0.3467,0.5812,0.5071,0.2787,0.3639,0.1828,0.8245,12.3891,medium,0.7227,0.0955,0.547,0.2784,0.4435,regular,synthetic_product_v1,synthetic_user_v1,42,2026-01-01T00:02:43Z
synthetic-user-v1-000165,Thrill Seeker,,0.0,0.9777,0.5905,0.9465,0.1896,0.3639,0.6342,0.5089,0.3855,0.9107,14.0068,medium,0.2972,0.4731,0.6701,0.7483,0.2605,casual,synthetic_product_v1,synthetic_user_v1,42,2026-01-01T00:02:44Z
synthetic-user-v1-000166,Fantasy Lover,,0.0,0.2078,0.1359,0.8382,0.4755,0.4011,0.4859,0.5696,0.4106,0.5589,10.5963,low,0.7268,0.7539,0.6794,0.5523,0.3601,regular,synthetic_product_v1,synthetic_user_v1,42,2026-01-01T00:02:45Z
synthetic-user-v1-000167,Space Enthusiast,History Collector,0.2657,0.7823,0.3467,0.637,0.7712,0.4729,0.6052,0.4801,0.8013,0.2792,22.0377,ultra_high,0.2185,0.2492,0.7972,0.5033,0.4943,regular,synthetic_product_v1,synthetic_user_v1,42,2026-01-01T00:02:46Z
synthetic-user-v1-000168,Power Seeker,,0.0,0.7439,0.9265,0.6043,0.76,0.7636,0.2137,0.5726,0.2364,0.9633,19.2516,high,0.5542,0.3983,0.376,0.3025,0.4067,regular,synthetic_product_v1,synthetic_user_v1,42,2026-01-01T00:02:47Z
synthetic-user-v1-000169,History Collector,,0.0,0.0464,0.7049,0.4661,0.9011,0.3258,0.4791,0.5121,0.0963,0.5397,11.6916,medium,1.0,0.5822,0.2242,0.205,0.5131,regular,synthetic_product_v1,synthetic_user_v1,42,2026-01-01T00:02:48Z
synthetic-user-v1-000170,Curious Generalist,,0.0,0.2945,0.5032,0.4385,0.4018,0.3237,0.708,0.7508,0.6517,0.4017,21.4832,ultra_high,0.3363,0.5429,0.5618,0.4831,0.5807,regular,synthetic_product_v1,synthetic_user_v1,42,2026-01-01T00:02:49Z
synthetic-user-v1-000171,Luxury Collector,,0.0,0.2584,0.9995,0.5465,0.7873,0.3317,0.3713,0.5065,0.3208,0.424,17.8446,high,0.6772,0.5161,0.8027,0.3389,0.6499,regular,synthetic_product_v1,synthetic_user_v1,42,2026-01-01T00:02:50Z
synthetic-user-v1-000172,Tech Futurist,,0.0,0.4497,0.7768,0.7951,0.4801,0.6182,0.5219,0.3477,0.6286,0.509,11.1318,medium,0.2982,0.8929,0.781,0.1775,0.456,regular,synthetic_product_v1,synthetic_user_v1,42,2026-01-01T00:02:51Z
synthetic-user-v1-000173,History Collector,,0.0,0.4037,0.4647,0.4884,0.7313,0.2707,0.5213,0.3743,0.2311,0.4109,19.8571,high,0.4323,0.3701,0.4408,0.4957,0.5099,regular,synthetic_product_v1,synthetic_user_v1,42,2026-01-01T00:02:52Z
synthetic-user-v1-000174,Eclectic Browser,,0.0,0.4675,0.4923,0.536,0.4772,0.6656,0.7971,0.8152,0.614,0.8616,15.9937,high,0.4626,0.4245,0.64,0.3581,0.8122,heavy,synthetic_product_v1,synthetic_user_v1,42,2026-01-01T00:02:53Z
synthetic-user-v1-000175,Nature Explorer,Luxury Collector,0.2915,0.2587,0.422,0.6229,0.5116,0.3207,0.5436,0.1589,0.4457,0.783,10.1077,low,0.4541,0.5027,1.0,0.613,0.8234,heavy,synthetic_product_v1,synthetic_user_v1,42,2026-01-01T00:02:54Z
synthetic-user-v1-000176,Power Seeker,,0.0,0.8119,0.4759,0.9373,0.2887,0.6572,0.3773,0.4369,0.3225,0.9678,17.0141,high,0.4668,0.8666,0.5931,0.5631,0.9629,heavy,synthetic_product_v1,synthetic_user_v1,42,2026-01-01T00:02:55Z
synthetic-user-v1-000177,Fantasy Lover,,0.0,0.4173,0.5189,0.7032,0.2775,0.3724,0.4675,0.8159,0.0823,0.7551,11.2394,medium,0.0,0.6186,0.8623,0.3646,0.4095,regular,synthetic_product_v1,synthetic_user_v1,42,2026-01-01T00:02:56Z
synthetic-user-v1-000178,Curious Generalist,,0.0,0.3091,0.3344,0.5393,0.7556,0.4313,0.3747,0.2088,0.1596,0.4707,14.0751,medium,0.696,0.6593,0.7281,0.5023,0.5635,regular,synthetic_product_v1,synthetic_user_v1,42,2026-01-01T00:02:57Z
synthetic-user-v1-000179,Nature Explorer,Space Enthusiast,0.3967,0.4393,0.3691,0.9189,0.5468,0.4877,0.9207,0.209,0.6886,0.3528,9.4999,low,0.5587,0.2424,0.5774,0.0238,0.4713,regular,synthetic_product_v1,synthetic_user_v1,42,2026-01-01T00:02:58Z
synthetic-user-v1-000180,Thrill Seeker,,0.0,0.8504,0.4026,0.6935,0.1978,0.5925,0.6777,0.2037,0.432,0.7387,11.4196,medium,0.5361,0.1978,0.6195,0.8701,0.5788,regular,synthetic_product_v1,synthetic_user_v1,42,2026-01-01T00:02:59Z
synthetic-user-v1-000181,Space Enthusiast,,0.0,0.4615,0.4117,0.4973,0.2418,0.7448,0.7427,0.4107,1.0,0.6426,20.3775,ultra_high,0.3477,0.6179,0.6553,0.4215,0.8553,heavy,synthetic_product_v1,synthetic_user_v1,42,2026-01-01T00:03:00Z
synthetic-user-v1-000182,Space Enthusiast,Nature Explorer,0.2011,0.6152,0.1554,0.779,0.7562,0.6749,0.3502,0.1822,0.5402,0.3456,18.8259,high,0.3497,0.5583,0.5623,0.2144,0.8717,heavy,synthetic_product_v1,synthetic_user_v1,42,2026-01-01T00:03:01Z
synthetic-user-v1-000183,Curious Generalist,,0.0,0.2213,0.4937,0.728,0.6887,0.3981,0.6146,0.6855,0.3221,0.475,16.6836,high,0.469,0.3218,0.7064,0.4839,0.7877,regular,synthetic_product_v1,synthetic_user_v1,42,2026-01-01T00:03:02Z
synthetic-user-v1-000184,Curious Generalist,Fantasy Lover,0.2891,0.2829,0.7208,0.5243,0.2157,0.192,0.423,0.4858,0.7666,0.3863,11.6811,medium,0.4643,0.9378,0.7464,0.3057,0.6975,regular,synthetic_product_v1,synthetic_user_v1,42,2026-01-01T00:03:03Z
synthetic-user-v1-000185,Space Enthusiast,,0.0,0.4549,0.5761,0.804,0.3176,0.2721,0.4661,0.5486,1.0,0.5611,20.414,ultra_high,0.5332,0.6332,0.2638,0.3667,0.8158,heavy,synthetic_product_v1,synthetic_user_v1,42,2026-01-01T00:03:04Z
synthetic-user-v1-000186,Tech Futurist,,0.0,0.5144,0.452,0.3316,0.3864,0.6421,0.5464,0.302,0.5709,0.7859,12.3693,medium,0.8084,0.717,0.42,0.4366,0.6871,regular,synthetic_product_v1,synthetic_user_v1,42,2026-01-01T00:03:05Z
synthetic-user-v1-000187,Thrill Seeker,Tech Futurist,0.2815,0.6049,0.5143,0.6784,0.4738,0.6026,0.5417,0.418,0.3485,0.7178,10.5846,low,0.1342,0.3111,0.7373,0.7129,0.798,regular,synthetic_product_v1,synthetic_user_v1,42,2026-01-01T00:03:06Z
synthetic-user-v1-000188,Luxury Collector,Power Seeker,0.2763,0.2157,0.8185,0.5606,0.6294,0.5931,0.4142,0.2138,0.4748,0.5833,14.8196,medium,0.9336,0.4157,0.5146,0.1258,0.357,regular,synthetic_product_v1,synthetic_user_v1,42,2026-01-01T00:03:07Z
synthetic-user-v1-000189,Luxury Collector,,0.0,0.6453,0.8928,0.6095,0.6363,0.3363,0.3493,0.4155,0.3601,0.6854,21.2796,ultra_high,0.4304,1.0,0.1436,0.4198,0.4513,regular,synthetic_product_v1,synthetic_user_v1,42,2026-01-01T00:03:08Z
synthetic-user-v1-000190,History Collector,,0.0,0.4596,0.6786,0.5989,0.7813,0.1579,0.7514,0.4694,0.4415,0.5374,15.7814,high,0.5918,0.3095,0.457,0.5594,0.3847,regular,synthetic_product_v1,synthetic_user_v1,42,2026-01-01T00:03:09Z
synthetic-user-v1-000191,Eclectic Browser,,0.0,0.4312,0.6866,0.7127,0.6105,0.655,0.6146,0.4578,0.5627,0.4374,11.1138,medium,0.661,0.6411,0.3952,0.6648,0.794,regular,synthetic_product_v1,synthetic_user_v1,42,2026-01-01T00:03:10Z
synthetic-user-v1-000192,Curious Generalist,,0.0,0.621,0.4761,0.3975,0.4948,0.6689,0.4685,0.3802,0.3077,0.5618,15.0372,high,0.7621,0.7138,0.7971,0.56,0.3445,casual,synthetic_product_v1,synthetic_user_v1,42,2026-01-01T00:03:11Z
synthetic-user-v1-000193,Space Enthusiast,,0.0,0.5821,0.4932,0.6968,0.1566,0.6123,0.1657,0.4824,0.6767,0.6607,16.8561,high,0.2895,0.7162,0.6519,0.6459,0.585,regular,synthetic_product_v1,synthetic_user_v1,42,2026-01-01T00:03:12Z
synthetic-user-v1-000194,Tech Futurist,,0.0,0.3568,0.675,0.8784,0.5158,0.7354,0.3535,0.3329,0.4003,0.6395,12.7128,medium,0.5242,1.0,0.9115,0.4955,0.6398,regular,synthetic_product_v1,synthetic_user_v1,42,2026-01-01T00:03:13Z
synthetic-user-v1-000195,Tech Futurist,,0.0,0.5399,0.6527,0.561,0.2663,0.9325,0.2353,0.3573,0.0938,0.9022,14.2761,medium,0.6379,0.6368,0.9062,0.1781,0.6361,regular,synthetic_product_v1,synthetic_user_v1,42,2026-01-01T00:03:14Z
synthetic-user-v1-000196,Nature Explorer,,0.0,0.4282,0.6675,0.457,0.7041,0.3374,1.0,0.5541,0.2646,0.4048,12.2996,medium,0.4429,0.2753,0.5469,0.564,0.3537,regular,synthetic_product_v1,synthetic_user_v1,42,2026-01-01T00:03:15Z
synthetic-user-v1-000197,Fantasy Lover,,0.0,0.6575,0.6172,0.832,0.4606,0.1051,0.5245,0.7104,0.5547,0.694,11.7753,medium,0.3119,0.5471,0.8747,0.548,0.673,regular,synthetic_product_v1,synthetic_user_v1,42,2026-01-01T00:03:16Z
synthetic-user-v1-000198,Curious Generalist,Space Enthusiast,0.3322,0.5896,0.4168,0.7264,0.6551,0.7233,0.308,0.485,0.5072,0.4218,14.5624,medium,0.4645,0.4969,0.2924,0.4466,0.6441,regular,synthetic_product_v1,synthetic_user_v1,42,2026-01-01T00:03:17Z
synthetic-user-v1-000199,Eclectic Browser,History Collector,0.2517,0.7013,0.9102,0.4875,0.4602,0.758,0.5822,0.4759,0.3609,0.715,16.6811,high,0.4427,0.6423,1.0,0.2932,1.0,heavy,synthetic_product_v1,synthetic_user_v1,42,2026-01-01T00:03:18Z
synthetic-user-v1-000200,History Collector,,0.0,0.2115,0.7775,0.7337,0.8566,0.5957,0.4033,0.5269,0.1426,0.4877,15.4184,high,0.771,0.7708,0.1923,0.3043,0.4969,regular,synthetic_product_v1,synthetic_user_v1,42,2026-01-01T00:03:19Z
synthetic-user-v1-000201,Luxury Collector,Eclectic Browser,0.2355,0.5577,0.6574,0.75,0.4349,0.4999,0.3846,0.3224,0.1296,0.6006,16.4641,high,0.4508,0.5491,0.4185,0.5585,0.7207,regular,synthetic_product_v1,synthetic_user_v1,42,2026-01-01T00:03:20Z
synthetic-user-v1-000202,Eclectic Browser,,0.0,0.4048,0.67,0.6307,0.4974,0.4124,0.6876,0.271,0.6592,0.391,12.9481,medium,0.5015,0.0869,1.0,0.7158,0.7223,regular,synthetic_product_v1,synthetic_user_v1,42,2026-01-01T00:03:21Z
synthetic-user-v1-000203,Curious Generalist,,0.0,0.4992,0.5467,0.6192,0.5009,0.3282,0.5026,0.4333,0.5567,0.5949,11.6011,medium,0.6743,0.4296,0.5984,0.2287,0.6987,regular,synthetic_product_v1,synthetic_user_v1,42,2026-01-01T00:03:22Z
synthetic-user-v1-000204,History Collector,,0.0,0.3336,0.8408,0.5117,0.9382,0.5343,0.4061,0.3445,0.0685,0.4832,20.4286,ultra_high,0.689,0.2507,0.6125,0.6146,0.423,regular,synthetic_product_v1,synthetic_user_v1,42,2026-01-01T00:03:23Z
synthetic-user-v1-000205,Thrill Seeker,History Collector,0.2893,0.6985,0.4049,0.7122,0.6399,0.3327,0.7572,0.3408,0.1026,0.9121,18.0661,high,0.2828,0.711,1.0,0.7531,0.7786,regular,synthetic_product_v1,synthetic_user_v1,42,2026-01-01T00:03:24Z
synthetic-user-v1-000206,Curious Generalist,Space Enthusiast,0.3218,0.523,0.4807,0.2872,0.2852,0.7017,0.4268,0.8595,0.8603,0.6503,16.0853,high,0.9196,0.5736,0.8673,0.3781,0.7375,regular,synthetic_product_v1,synthetic_user_v1,42,2026-01-01T00:03:25Z
synthetic-user-v1-000207,Thrill Seeker,Luxury Collector,0.3032,0.7145,0.6533,0.8068,0.4315,0.5737,0.5595,0.7304,0.3744,0.6138,13.8985,medium,0.1619,0.4544,0.6724,0.9581,0.5136,regular,synthetic_product_v1,synthetic_user_v1,42,2026-01-01T00:03:26Z
synthetic-user-v1-000208,Curious Generalist,,0.0,0.5703,0.6574,0.5447,0.6453,0.4906,0.4474,0.4448,0.6692,0.4506,14.2861,medium,0.6078,0.5933,0.5502,0.9462,0.7336,regular,synthetic_product_v1,synthetic_user_v1,42,2026-01-01T00:03:27Z
synthetic-user-v1-000209,Power Seeker,,0.0,0.985,0.5321,0.7209,0.287,0.407,0.0291,0.297,0.334,0.8991,10.8595,low,0.354,0.6438,0.408,0.7757,0.4566,regular,synthetic_product_v1,synthetic_user_v1,42,2026-01-01T00:03:28Z
synthetic-user-v1-000210,Space Enthusiast,,0.0,0.5399,0.8004,0.7112,0.3975,0.7983,0.6854,0.2967,1.0,0.5985,20.5145,ultra_high,0.2574,0.2837,0.99,0.6629,0.6495,regular,synthetic_product_v1,synthetic_user_v1,42,2026-01-01T00:03:29Z
synthetic-user-v1-000211,Thrill Seeker,,0.0,0.6646,0.6899,0.6936,0.7052,0.3368,0.2995,0.3332,0.3807,0.7203,7.2,low,0.4032,0.4605,0.9899,0.8729,0.7325,regular,synthetic_product_v1,synthetic_user_v1,42,2026-01-01T00:03:30Z
synthetic-user-v1-000212,Tech Futurist,,0.0,0.5431,0.4739,0.5391,0.1447,0.6916,0.2546,0.3879,0.2486,0.6647,7.2,low,0.7955,0.3913,0.1217,0.5633,0.6452,regular,synthetic_product_v1,synthetic_user_v1,42,2026-01-01T00:03:31Z
synthetic-user-v1-000213,Power Seeker,,0.0,0.6486,0.7314,0.5927,0.4553,0.6056,0.2462,0.3671,0.3921,0.6887,21.329,ultra_high,0.7634,0.6162,0.2406,0.7085,0.8744,heavy,synthetic_product_v1,synthetic_user_v1,42,2026-01-01T00:03:32Z
synthetic-user-v1-000214,Eclectic Browser,Space Enthusiast,0.2651,0.5359,0.4217,0.6246,0.3412,0.5511,0.3345,0.5732,0.507,0.713,16.1438,high,0.2008,0.734,0.799,0.7038,0.931,heavy,synthetic_product_v1,synthetic_user_v1,42,2026-01-01T00:03:33Z
synthetic-user-v1-000215,Nature Explorer,History Collector,0.3628,0.3783,0.2048,0.2874,0.5177,0.3972,1.0,0.316,0.1295,0.6852,12.692,medium,0.9106,0.1984,0.5572,0.2873,0.8428,heavy,synthetic_product_v1,synthetic_user_v1,42,2026-01-01T00:03:34Z
synthetic-user-v1-000216,Power Seeker,Curious Generalist,0.2797,0.7917,0.5743,0.582,0.5622,0.374,0.3309,0.4114,0.3744,0.9154,12.0407,medium,0.2982,0.716,0.6918,0.9975,0.4956,regular,synthetic_product_v1,synthetic_user_v1,42,2026-01-01T00:03:35Z
synthetic-user-v1-000217,Nature Explorer,,0.0,0.5261,0.5789,0.5613,0.4001,0.3084,0.7328,0.2141,0.1861,0.4716,7.2,low,0.7161,0.2819,0.6459,0.5598,0.4815,regular,synthetic_product_v1,synthetic_user_v1,42,2026-01-01T00:03:36Z
synthetic-user-v1-000218,Tech Futurist,,0.0,0.7324,0.4386,0.597,0.3858,0.8199,0.3605,0.498,0.4158,0.7612,12.5272,medium,0.4626,0.8036,0.7513,0.3858,0.8774,heavy,synthetic_product_v1,synthetic_user_v1,42,2026-01-01T00:03:37Z
synthetic-user-v1-000219,Luxury Collector,,0.0,0.4815,0.8344,0.594,0.6317,0.4472,0.1866,0.7113,0.2891,0.7047,17.3741,high,0.6016,0.8842,0.1833,0.5384,0.5221,regular,synthetic_product_v1,synthetic_user_v1,42,2026-01-01T00:03:38Z
synthetic-user-v1-000220,Tech Futurist,,0.0,0.5065,0.6882,0.8124,0.4808,1.0,0.4035,0.3093,0.4721,0.7708,11.8851,medium,0.5142,0.5732,0.4554,0.1903,0.5518,regular,synthetic_product_v1,synthetic_user_v1,42,2026-01-01T00:03:39Z
synthetic-user-v1-000221,Curious Generalist,,0.0,0.0703,0.5949,0.4965,0.4878,0.1223,0.6736,0.4777,0.3855,0.3552,12.0622,medium,0.3655,0.2957,0.6322,0.4124,0.3976,regular,synthetic_product_v1,synthetic_user_v1,42,2026-01-01T00:03:40Z
synthetic-user-v1-000222,Tech Futurist,,0.0,0.6175,0.6382,0.5873,0.2675,0.9627,0.2993,0.4021,0.594,0.3553,11.1218,medium,0.9187,0.6312,0.8337,0.4555,0.7884,regular,synthetic_product_v1,synthetic_user_v1,42,2026-01-01T00:03:41Z
synthetic-user-v1-000223,Curious Generalist,Power Seeker,0.3596,0.3269,0.3989,0.5285,0.4748,0.6574,0.3747,0.5245,0.7191,0.4796,10.0277,low,0.6259,0.3968,0.5162,0.5651,0.5634,regular,synthetic_product_v1,synthetic_user_v1,42,2026-01-01T00:03:42Z
synthetic-user-v1-000224,Curious Generalist,,0.0,0.2902,0.4983,0.8492,0.3959,0.4948,0.5529,0.5657,0.5306,0.5986,11.3346,medium,0.4823,0.3506,0.6256,0.5838,0.6047,regular,synthetic_product_v1,synthetic_user_v1,42,2026-01-01T00:03:43Z
synthetic-user-v1-000225,Luxury Collector,,0.0,0.7444,0.9294,0.5634,0.681,0.461,0.4277,0.5033,0.3948,0.6542,19.5662,high,0.3424,0.5278,0.5411,0.4202,0.5171,regular,synthetic_product_v1,synthetic_user_v1,42,2026-01-01T00:03:44Z
synthetic-user-v1-000226,Curious Generalist,,0.0,0.513,0.6065,0.7201,0.3638,0.6453,0.6717,0.8193,0.4799,0.6969,22.6055,ultra_high,0.5088,0.3769,0.804,0.4564,0.5886,regular,synthetic_product_v1,synthetic_user_v1,42,2026-01-01T00:03:45Z
synthetic-user-v1-000227,Nature Explorer,,0.0,0.5419,0.6277,0.8168,0.6119,0.321,1.0,0.6643,0.2594,0.6403,16.566,high,0.3702,0.4984,0.8632,0.3229,0.5825,regular,synthetic_product_v1,synthetic_user_v1,42,2026-01-01T00:03:46Z
synthetic-user-v1-000228,Curious Generalist,Tech Futurist,0.3947,0.6363,0.5648,0.8414,0.7362,0.685,0.3008,0.3851,0.4943,1.0,10.4874,low,0.5084,0.4533,0.6877,0.33,0.4155,regular,synthetic_product_v1,synthetic_user_v1,42,2026-01-01T00:03:47Z
synthetic-user-v1-000229,Luxury Collector,,0.0,0.263,0.7362,0.8452,0.5488,0.6194,0.4753,0.5926,0.5433,0.7645,18.668,high,0.7819,0.6178,0.2088,0.5928,0.3763,regular,synthetic_product_v1,synthetic_user_v1,42,2026-01-01T00:03:48Z
synthetic-user-v1-000230,Nature Explorer,Power Seeker,0.2716,0.3535,0.672,0.8819,0.3091,0.3692,0.6865,0.6055,0.4124,0.6988,9.6949,low,0.5532,0.6853,0.9166,0.2498,0.8289,heavy,synthetic_product_v1,synthetic_user_v1,42,2026-01-01T00:03:49Z
synthetic-user-v1-000231,Curious Generalist,History Collector,0.2899,0.5496,0.3923,0.3257,0.7031,0.2077,0.5116,0.6373,0.2611,0.3966,17.6473,high,0.6121,0.8758,0.6018,0.5919,0.522,regular,synthetic_product_v1,synthetic_user_v1,42,2026-01-01T00:03:50Z
synthetic-user-v1-000232,Thrill Seeker,,0.0,1.0,0.494,0.8476,0.201,0.5557,0.813,0.5734,0.7429,0.8524,11.8278,medium,0.3769,0.5332,0.9928,0.8769,0.7409,regular,synthetic_product_v1,synthetic_user_v1,42,2026-01-01T00:03:51Z
synthetic-user-v1-000233,Nature Explorer,,0.0,0.2367,0.3942,0.5772,0.4527,0.3266,1.0,0.6593,0.3796,0.2949,7.2,low,0.4243,0.2405,0.5895,0.3628,0.6897,regular,synthetic_product_v1,synthetic_user_v1,42,2026-01-01T00:03:52Z
synthetic-user-v1-000234,History Collector,,0.0,0.0438,0.6952,0.4667,0.7343,0.2084,0.4701,0.078,0.3385,0.6025,15.1244,high,0.6823,0.6063,0.4721,0.584,0.4298,regular,synthetic_product_v1,synthetic_user_v1,42,2026-01-01T00:03:53Z
synthetic-user-v1-000235,Fantasy Lover,,0.0,0.7435,0.4937,0.4726,0.3854,0.3714,0.1513,0.7562,0.0984,0.6127,12.6222,medium,0.2184,0.2566,0.6522,0.3054,0.59,regular,synthetic_product_v1,synthetic_user_v1,42,2026-01-01T00:03:54Z
synthetic-user-v1-000236,Eclectic Browser,,0.0,0.5342,0.6654,0.5837,0.7888,0.5539,0.3769,0.7186,0.6151,0.4444,15.2195,high,0.2901,0.6408,0.8142,0.3912,0.8857,heavy,synthetic_product_v1,synthetic_user_v1,42,2026-01-01T00:03:55Z
synthetic-user-v1-000237,Power Seeker,,0.0,0.6731,0.6192,0.7678,0.5083,0.6357,0.4288,0.5642,0.4283,0.9907,18.2957,high,0.5997,0.9936,0.3134,0.9291,0.5273,regular,synthetic_product_v1,synthetic_user_v1,42,2026-01-01T00:03:56Z
synthetic-user-v1-000238,Nature Explorer,,0.0,0.3668,0.3159,0.589,0.3897,0.303,0.8484,0.6344,0.3501,0.6231,11.2877,medium,0.4893,0.297,0.8611,0.4626,0.8124,heavy,synthetic_product_v1,synthetic_user_v1,42,2026-01-01T00:03:57Z
synthetic-user-v1-000239,Nature Explorer,,0.0,0.1183,0.4052,0.5336,0.1968,0.4694,1.0,0.5829,0.4177,0.2952,16.0372,high,0.5292,0.4899,0.5883,0.4718,0.7332,regular,synthetic_product_v1,synthetic_user_v1,42,2026-01-01T00:03:58Z
synthetic-user-v1-000240,Curious Generalist,,0.0,0.4656,0.5255,0.3087,0.7244,0.4217,0.494,0.4706,0.3413,0.5186,12.0499,medium,0.5147,0.4517,0.3836,0.0,0.4865,regular,synthetic_product_v1,synthetic_user_v1,42,2026-01-01T00:03:59Z
synthetic-user-v1-000241,Fantasy Lover,,0.0,0.5537,0.3507,0.8636,0.5713,0.3705,0.2718,0.7763,0.4759,0.6741,8.2202,low,0.641,0.2648,0.7714,0.5873,0.5157,regular,synthetic_product_v1,synthetic_user_v1,42,2026-01-01T00:04:00Z
synthetic-user-v1-000242,Luxury Collector,Fantasy Lover,0.3304,0.2133,0.8411,0.8351,0.5495,0.3172,0.6497,0.7294,0.1984,0.9652,20.2869,ultra_high,0.4041,0.797,0.2361,0.5824,0.6134,regular,synthetic_product_v1,synthetic_user_v1,42,2026-01-01T00:04:01Z
synthetic-user-v1-000243,Tech Futurist,Nature Explorer,0.2339,0.3011,0.7739,0.7924,0.169,0.3937,0.5684,0.4018,0.6839,0.7511,17.0235,high,0.65,0.6209,0.8905,0.7566,0.8734,heavy,synthetic_product_v1,synthetic_user_v1,42,2026-01-01T00:04:02Z
synthetic-user-v1-000244,Nature Explorer,Fantasy Lover,0.3388,0.7325,0.5749,0.7665,0.5884,0.3193,0.5989,0.4675,0.2174,0.5429,7.6734,low,0.7957,0.5663,0.9565,0.4105,0.621,regular,synthetic_product_v1,synthetic_user_v1,42,2026-01-01T00:04:03Z
synthetic-user-v1-000245,Curious Generalist,,0.0,0.5941,0.5564,0.5601,0.7959,0.481,0.4943,0.4983,0.4629,0.4426,16.037,high,0.3263,0.5732,0.6434,0.6748,0.7082,regular,synthetic_product_v1,synthetic_user_v1,42,2026-01-01T00:04:04Z
synthetic-user-v1-000246,Eclectic Browser,Power Seeker,0.3017,0.4357,0.4494,0.3467,0.2653,0.5777,0.6154,0.6409,0.7176,0.621,14.8004,medium,0.6031,0.408,0.5233,0.6009,0.6101,regular,synthetic_product_v1,synthetic_user_v1,42,2026-01-01T00:04:05Z
synthetic-user-v1-000247,Curious Generalist,Fantasy Lover,0.2711,0.3419,1.0,0.7745,0.4919,0.5882,0.5308,0.0661,0.9011,0.9616,14.0639,medium,0.5073,0.452,0.8207,0.6905,0.6722,regular,synthetic_product_v1,synthetic_user_v1,42,2026-01-01T00:04:06Z
synthetic-user-v1-000248,History Collector,,0.0,0.5766,0.538,0.2278,0.8154,0.1868,0.3487,0.3054,0.1567,0.7516,14.9858,medium,0.5159,0.2358,0.3313,0.1869,0.47,regular,synthetic_product_v1,synthetic_user_v1,42,2026-01-01T00:04:07Z
synthetic-user-v1-000249,Curious Generalist,Thrill Seeker,0.3819,0.3243,0.637,0.6952,0.2117,0.4186,0.5272,0.663,0.5234,0.6007,12.6212,medium,0.4599,0.705,0.699,0.9825,0.6038,regular,synthetic_product_v1,synthetic_user_v1,42,2026-01-01T00:04:08Z
synthetic-user-v1-000250,Eclectic Browser,,0.0,0.5109,0.4918,0.403,0.309,0.3615,0.6297,0.6843,0.575,0.5971,19.1398,high,0.2539,0.3274,0.7128,0.4975,0.638,regular,synthetic_product_v1,synthetic_user_v1,42,2026-01-01T00:04:09Z
synthetic-user-v1-000251,Curious Generalist,Space Enthusiast,0.3376,0.313,0.5678,0.454,0.3184,0.3475,0.7425,0.3691,0.613,0.5678,15.2196,high,0.5171,0.5269,0.8544,0.4514,0.5529,regular,synthetic_product_v1,synthetic_user_v1,42,2026-01-01T00:04:10Z
synthetic-user-v1-000252,History Collector,,0.0,0.0,1.0,0.6678,1.0,0.311,0.3585,0.389,0.1238,0.5818,15.7751,high,0.6429,0.2546,0.2847,0.5638,0.4696,regular,synthetic_product_v1,synthetic_user_v1,42,2026-01-01T00:04:11Z
synthetic-user-v1-000253,Space Enthusiast,,0.0,0.3377,0.4514,0.9199,0.182,0.4861,0.4773,0.3719,0.8183,0.7734,20.4051,ultra_high,0.6089,0.3772,0.5431,0.4067,0.3375,casual,synthetic_product_v1,synthetic_user_v1,42,2026-01-01T00:04:12Z
synthetic-user-v1-000254,Space Enthusiast,Power Seeker,0.3769,0.5268,0.6021,0.56,0.4846,0.7342,0.6837,0.3061,0.8486,0.5915,19.7065,high,0.3004,0.5795,0.2921,0.2331,0.5077,regular,synthetic_product_v1,synthetic_user_v1,42,2026-01-01T00:04:13Z
synthetic-user-v1-000255,Eclectic Browser,,0.0,0.4693,0.588,0.8738,0.5074,0.831,0.3642,0.6515,0.5032,0.4661,18.8771,high,0.3496,0.4717,0.7417,0.503,0.6342,regular,synthetic_product_v1,synthetic_user_v1,42,2026-01-01T00:04:14Z
synthetic-user-v1-000256,Fantasy Lover,Power Seeker,0.3454,0.3731,0.7982,0.6582,0.5885,0.5898,0.475,0.7862,0.1962,1.0,13.1603,medium,0.65,0.7631,0.8065,0.6244,0.4487,regular,synthetic_product_v1,synthetic_user_v1,42,2026-01-01T00:04:15Z
synthetic-user-v1-000257,Eclectic Browser,,0.0,0.7081,0.4679,0.8444,0.7903,0.573,0.5667,0.6024,0.525,0.382,15.0525,high,0.2167,0.3542,0.8252,0.4615,0.747,regular,synthetic_product_v1,synthetic_user_v1,42,2026-01-01T00:04:16Z
synthetic-user-v1-000258,Nature Explorer,,0.0,0.3118,0.3652,0.6091,0.5754,0.1929,0.6753,0.0857,0.3769,0.5987,15.115,high,0.6398,0.3866,0.5041,0.2518,0.6466,regular,synthetic_product_v1,synthetic_user_v1,42,2026-01-01T00:04:17Z
synthetic-user-v1-000259,Power Seeker,,0.0,0.7355,0.6602,0.7348,0.4763,0.4996,0.6498,0.4854,0.2417,0.4948,15.5253,high,0.1204,0.9801,0.4988,0.5314,0.6493,regular,synthetic_product_v1,synthetic_user_v1,42,2026-01-01T00:04:18Z
synthetic-user-v1-000260,Eclectic Browser,,0.0,0.8864,0.5163,0.3924,0.6457,0.6316,0.7983,0.8199,0.4711,0.7153,15.5129,high,0.691,0.5638,1.0,0.5482,0.7794,regular,synthetic_product_v1,synthetic_user_v1,42,2026-01-01T00:04:19Z
synthetic-user-v1-000261,Power Seeker,Tech Futurist,0.2854,0.6873,0.5072,0.4723,0.3412,0.8394,0.2881,0.2486,0.4544,0.5209,18.5773,high,0.2077,0.6503,0.5443,0.8848,0.7475,regular,synthetic_product_v1,synthetic_user_v1,42,2026-01-01T00:04:20Z
synthetic-user-v1-000262,Fantasy Lover,,0.0,0.671,0.5514,0.6113,0.356,0.2403,0.5024,0.9118,0.3581,0.5762,9.087,low,0.448,0.5874,0.5893,0.8102,0.317,casual,synthetic_product_v1,synthetic_user_v1,42,2026-01-01T00:04:21Z
synthetic-user-v1-000263,Power Seeker,,0.0,0.7788,0.7145,0.4752,0.6061,0.8428,0.345,0.6544,0.7246,1.0,16.8925,high,0.3082,0.7488,0.5088,0.3318,0.6022,regular,synthetic_product_v1,synthetic_user_v1,42,2026-01-01T00:04:22Z
synthetic-user-v1-000264,Tech Futurist,,0.0,0.5585,0.2946,0.8186,0.3988,0.8462,0.0954,0.3727,0.3812,0.4567,16.9103,high,0.2822,0.9591,0.6589,0.459,0.6477,regular,synthetic_product_v1,synthetic_user_v1,42,2026-01-01T00:04:23Z
synthetic-user-v1-000265,Space Enthusiast,Curious Generalist,0.2678,0.3599,0.6916,0.8032,0.6061,0.6531,0.5817,0.4206,0.6237,0.7271,16.8228,high,0.5002,0.7043,0.4989,0.5313,0.5597,regular,synthetic_product_v1,synthetic_user_v1,42,2026-01-01T00:04:24Z
synthetic-user-v1-000266,Luxury Collector,,0.0,0.2007,0.9403,0.718,0.7046,0.505,0.5787,0.5844,0.4852,0.2892,18.0506,high,0.1754,0.758,0.2807,0.5054,0.6052,regular,synthetic_product_v1,synthetic_user_v1,42,2026-01-01T00:04:25Z
synthetic-user-v1-000267,Eclectic Browser,,0.0,0.9505,0.763,0.2005,0.4292,0.5721,0.6119,0.3565,0.7577,0.6731,16.7226,high,0.5608,0.5923,0.7032,0.6516,0.9962,heavy,synthetic_product_v1,synthetic_user_v1,42,2026-01-01T00:04:26Z
synthetic-user-v1-000268,Nature Explorer,,0.0,0.4121,0.379,0.5859,0.4922,0.052,0.9067,0.4037,0.3051,0.6921,13.1384,medium,0.5942,0.4543,1.0,0.7121,0.3243,casual,synthetic_product_v1,synthetic_user_v1,42,2026-01-01T00:04:27Z
synthetic-user-v1-000269,Thrill Seeker,,0.0,1.0,0.54,0.6188,0.2812,0.7507,0.5192,0.3524,0.336,0.623,17.3675,high,0.2645,0.8426,0.8105,1.0,0.6438,regular,synthetic_product_v1,synthetic_user_v1,42,2026-01-01T00:04:28Z
synthetic-user-v1-000270,Nature Explorer,Power Seeker,0.2358,0.5586,0.2601,0.5029,0.6078,0.1311,0.6684,0.2665,0.4752,0.3592,10.7331,low,0.9247,0.3003,0.6265,0.4027,0.3946,regular,synthetic_product_v1,synthetic_user_v1,42,2026-01-01T00:04:29Z
synthetic-user-v1-000271,Eclectic Browser,,0.0,0.7374,0.4131,0.4664,0.5469,0.5157,0.3965,0.6131,0.6631,0.7125,11.8161,medium,0.3613,0.3971,0.567,0.6798,0.8133,heavy,synthetic_product_v1,synthetic_user_v1,42,2026-01-01T00:04:30Z
synthetic-user-v1-000272,Eclectic Browser,,0.0,0.2587,0.6784,0.7343,0.3741,0.703,0.7005,0.8403,0.4838,0.519,19.4163,high,0.5089,0.327,0.6315,0.2938,0.8601,heavy,synthetic_product_v1,synthetic_user_v1,42,2026-01-01T00:04:31Z
synthetic-user-v1-000273,Curious Generalist,,0.0,0.3658,0.6265,0.4738,0.3812,0.6753,0.5043,0.3517,0.727,0.3043,11.6575,medium,0.6821,0.423,0.6335,0.438,0.2591,casual,synthetic_product_v1,synthetic_user_v1,42,2026-01-01T00:04:32Z
synthetic-user-v1-000274,History Collector,,0.0,0.325,0.5149,0.437,0.7307,0.2424,0.2203,0.2791,0.4188,0.9075,17.804,high,0.7879,0.1455,0.2278,0.471,0.4766,regular,synthetic_product_v1,synthetic_user_v1,42,2026-01-01T00:04:33Z
synthetic-user-v1-000275,Eclectic Browser,,0.0,0.8285,0.6588,0.9626,0.255,0.558,0.5677,0.655,0.6225,0.414,14.418,medium,0.401,0.4145,0.6773,0.1802,0.5552,regular,synthetic_product_v1,synthetic_user_v1,42,2026-01-01T00:04:34Z
synthetic-user-v1-000276,Curious Generalist,,0.0,0.3488,0.6902,0.5604,0.6661,0.5039,0.5473,0.5209,0.6422,0.5261,16.2421,high,0.3867,0.7163,0.9351,0.5822,0.6579,regular,synthetic_product_v1,synthetic_user_v1,42,2026-01-01T00:04:35Z
synthetic-user-v1-000277,Tech Futurist,,0.0,0.2785,0.826,0.8279,0.2624,0.8226,0.147,0.3348,0.613,0.4923,15.5505,high,0.3061,0.6771,0.8042,0.8706,0.5132,regular,synthetic_product_v1,synthetic_user_v1,42,2026-01-01T00:04:36Z
synthetic-user-v1-000278,Eclectic Browser,History Collector,0.2269,0.3947,0.5665,0.6716,0.5376,0.3283,0.1053,0.7385,0.6774,0.6818,12.1415,medium,0.5227,0.2421,0.7188,0.6367,0.7602,regular,synthetic_product_v1,synthetic_user_v1,42,2026-01-01T00:04:37Z
synthetic-user-v1-000279,Space Enthusiast,,0.0,0.3343,0.5038,0.657,0.4609,0.4936,0.3716,0.4172,0.7635,0.4154,20.4665,ultra_high,0.368,0.8111,0.5882,0.4226,0.4051,regular,synthetic_product_v1,synthetic_user_v1,42,2026-01-01T00:04:38Z
synthetic-user-v1-000280,Tech Futurist,,0.0,0.4047,0.5476,0.6675,0.2962,0.4145,0.5765,0.3715,0.407,0.6541,13.9944,medium,0.1821,0.661,0.7103,0.5101,0.5706,regular,synthetic_product_v1,synthetic_user_v1,42,2026-01-01T00:04:39Z
synthetic-user-v1-000281,Space Enthusiast,,0.0,0.5412,0.4278,0.8588,0.4278,0.6921,0.3229,0.1705,0.8457,0.563,17.3799,high,0.3367,0.5682,0.6668,0.7444,0.8822,heavy,synthetic_product_v1,synthetic_user_v1,42,2026-01-01T00:04:40Z
synthetic-user-v1-000282,Fantasy Lover,,0.0,0.426,0.5075,0.6978,0.384,0.3663,0.8221,1.0,0.401,0.4713,11.7146,medium,0.0792,0.5076,0.6433,0.675,0.6027,regular,synthetic_product_v1,synthetic_user_v1,42,2026-01-01T00:04:41Z
synthetic-user-v1-000283,Space Enthusiast,Nature Explorer,0.2028,0.5676,0.5874,0.6229,0.3503,0.3085,0.6727,0.3223,1.0,0.2783,21.0088,ultra_high,0.2873,0.6669,0.671,0.5559,0.6767,regular,synthetic_product_v1,synthetic_user_v1,42,2026-01-01T00:04:42Z
synthetic-user-v1-000284,History Collector,,0.0,0.3427,0.9542,0.5089,0.893,0.5119,0.4285,0.2962,0.2256,0.4035,13.3459,medium,0.7458,0.5026,0.2574,0.4106,0.2045,casual,synthetic_product_v1,synthetic_user_v1,42,2026-01-01T00:04:43Z
synthetic-user-v1-000285,Eclectic Browser,,0.0,0.583,0.3027,0.5178,0.6515,0.4715,0.5842,0.617,0.532,0.7267,13.5543,medium,0.0227,0.4587,0.7725,0.8277,0.4603,regular,synthetic_product_v1,synthetic_user_v1,42,2026-01-01T00:04:44Z
synthetic-user-v1-000286,Luxury Collector,,0.0,0.2073,0.5445,0.7287,0.691,0.3677,0.4122,0.5524,0.2899,0.4885,17.2231,high,0.5351,0.4812,0.3954,0.5107,0.1738,casual,synthetic_product_v1,synthetic_user_v1,42,2026-01-01T00:04:45Z
synthetic-user-v1-000287,Eclectic Browser,,0.0,0.6659,0.6823,0.5592,0.2128,0.6323,0.5754,0.7381,0.6556,0.5949,17.4035,high,0.499,0.8361,1.0,0.3696,0.6738,regular,synthetic_product_v1,synthetic_user_v1,42,2026-01-01T00:04:46Z
synthetic-user-v1-000288,History Collector,,0.0,0.1269,0.5176,0.3285,1.0,0.5558,0.6602,0.5504,0.4072,0.4284,22.7475,ultra_high,0.6114,0.3004,0.0,0.4067,0.3616,regular,synthetic_product_v1,synthetic_user_v1,42,2026-01-01T00:04:47Z
synthetic-user-v1-000289,Luxury Collector,,0.0,0.4338,0.8099,0.2699,0.7532,0.4976,0.2797,0.513,0.4334,0.6466,13.5954,medium,0.6181,0.8557,0.3011,0.1234,0.4386,regular,synthetic_product_v1,synthetic_user_v1,42,2026-01-01T00:04:48Z
synthetic-user-v1-000290,Power Seeker,,0.0,0.7379,0.5428,0.5759,0.3909,0.5544,0.4332,0.4385,0.2206,0.6031,18.1979,high,0.5218,0.7836,0.4293,0.9373,0.5679,regular,synthetic_product_v1,synthetic_user_v1,42,2026-01-01T00:04:49Z
synthetic-user-v1-000291,Tech Futurist,,0.0,0.6158,0.7641,0.9658,0.2532,0.8444,0.547,0.5727,0.352,0.2623,12.3134,medium,0.5019,0.7848,0.3795,0.585,0.4277,regular,synthetic_product_v1,synthetic_user_v1,42,2026-01-01T00:04:50Z
synthetic-user-v1-000292,Eclectic Browser,Luxury Collector,0.2242,0.3272,0.1004,0.5643,0.4389,0.6597,1.0,0.7585,0.4199,0.4594,16.6538,high,0.6341,0.2243,0.7899,0.7105,0.5293,regular,synthetic_product_v1,synthetic_user_v1,42,2026-01-01T00:04:51Z
synthetic-user-v1-000293,Tech Futurist,,0.0,0.7104,0.5323,0.7019,0.5017,1.0,0.452,0.0683,0.4982,0.5441,13.7387,medium,0.4996,0.7428,0.637,0.2584,0.6598,regular,synthetic_product_v1,synthetic_user_v1,42,2026-01-01T00:04:52Z
synthetic-user-v1-000294,Nature Explorer,,0.0,0.6426,0.0,0.6208,0.6379,0.0,1.0,0.315,0.2161,0.7178,10.785,low,0.4787,0.1697,1.0,0.2314,0.6595,regular,synthetic_product_v1,synthetic_user_v1,42,2026-01-01T00:04:53Z
synthetic-user-v1-000295,History Collector,,0.0,0.3735,0.5636,0.7547,0.9941,0.3087,0.5022,0.5654,0.1177,0.5606,20.8353,ultra_high,0.6842,0.7056,0.1918,0.5351,0.6937,regular,synthetic_product_v1,synthetic_user_v1,42,2026-01-01T00:04:54Z
synthetic-user-v1-000296,Luxury Collector,,0.0,0.4462,1.0,0.6954,0.7621,0.6214,0.3768,0.4416,0.4226,0.7588,19.023,high,0.4813,0.7728,0.249,0.1099,0.2173,casual,synthetic_product_v1,synthetic_user_v1,42,2026-01-01T00:04:55Z
synthetic-user-v1-000297,Curious Generalist,,0.0,0.6081,0.5056,0.7147,0.5479,0.638,0.5795,0.5146,0.3831,0.4743,15.8139,high,0.8007,0.7631,0.9068,0.349,0.5595,regular,synthetic_product_v1,synthetic_user_v1,42,2026-01-01T00:04:56Z
synthetic-user-v1-000298,Eclectic Browser,Luxury Collector,0.2161,0.409,0.9448,0.6906,0.4483,0.3358,0.4858,0.8146,0.561,0.4053,16.1648,high,0.4327,0.6752,0.8275,0.7036,0.7316,regular,synthetic_product_v1,synthetic_user_v1,42,2026-01-01T00:04:57Z
synthetic-user-v1-000299,History Collector,,0.0,0.1708,0.5354,0.4676,0.8355,0.4026,0.3799,0.2017,0.3398,0.7177,24.7302,absurd,0.6217,0.7744,0.0,0.0868,0.6874,regular,synthetic_product_v1,synthetic_user_v1,42,2026-01-01T00:04:58Z
synthetic-user-v1-000300,Tech Futurist,,0.0,0.4715,0.5937,0.801,0.4191,0.9292,0.4958,0.1071,0.3756,0.6415,13.8842,medium,0.4043,0.703,0.6378,0.807,0.592,regular,synthetic_product_v1,synthetic_user_v1,42,2026-01-01T00:04:59Z
synthetic-user-v1-000301,Curious Generalist,,0.0,0.4281,0.5518,0.808,0.5843,0.5412,0.5626,0.4489,0.4743,0.556,17.7407,high,0.4549,0.543,0.2851,0.4921,0.3855,regular,synthetic_product_v1,synthetic_user_v1,42,2026-01-01T00:05:00Z
synthetic-user-v1-000302,Nature Explorer,History Collector,0.3475,0.5089,0.5905,0.472,0.6521,0.4784,0.413,0.3607,0.5368,0.8072,9.6483,low,0.8084,0.5671,0.3889,0.0,0.6397,regular,synthetic_product_v1,synthetic_user_v1,42,2026-01-01T00:05:01Z
synthetic-user-v1-000303,History Collector,Space Enthusiast,0.2064,0.2868,0.6009,0.6985,0.8919,0.1705,0.6329,0.399,0.4994,0.7135,20.9478,ultra_high,0.5393,0.2286,0.2724,0.3362,0.814,heavy,synthetic_product_v1,synthetic_user_v1,42,2026-01-01T00:05:02Z
synthetic-user-v1-000304,Eclectic Browser,,0.0,0.7435,0.5724,0.6149,0.3041,0.5896,0.7384,0.6154,0.6341,0.4833,13.0511,medium,0.8726,0.2885,1.0,0.3595,0.7113,regular,synthetic_product_v1,synthetic_user_v1,42,2026-01-01T00:05:03Z
synthetic-user-v1-000305,History Collector,,0.0,0.8538,0.8152,0.5004,0.6915,0.1969,0.5721,0.4706,0.0101,0.7027,18.5262,high,0.8185,0.3657,0.2077,0.3476,0.701,regular,synthetic_product_v1,synthetic_user_v1,42,2026-01-01T00:05:04Z
synthetic-user-v1-000306,Power Seeker,Eclectic Browser,0.2032,0.7994,0.5493,0.5692,0.2788,0.6047,0.0716,0.3404,0.3772,0.8367,17.9432,high,0.4845,0.4975,0.4273,0.71,0.5398,regular,synthetic_product_v1,synthetic_user_v1,42,2026-01-01T00:05:05Z
synthetic-user-v1-000307,History Collector,,0.0,0.1962,0.8422,0.3883,0.8541,0.3445,0.2524,0.2208,0.104,0.6147,20.8936,ultra_high,0.542,0.6271,0.2906,0.4707,0.3216,casual,synthetic_product_v1,synthetic_user_v1,42,2026-01-01T00:05:06Z
synthetic-user-v1-000308,Fantasy Lover,Power Seeker,0.2731,0.5012,0.4646,0.5943,0.5726,0.5872,0.6059,0.8854,0.4794,1.0,12.1051,medium,0.0045,0.5774,0.2613,0.326,0.6182,regular,synthetic_product_v1,synthetic_user_v1,42,2026-01-01T00:05:07Z
synthetic-user-v1-000309,History Collector,Tech Futurist,0.2641,0.5581,0.5403,0.5334,0.765,0.3575,0.573,0.0843,0.298,0.3801,17.1889,high,0.2976,0.2653,0.4313,0.1675,0.616,regular,synthetic_product_v1,synthetic_user_v1,42,2026-01-01T00:05:08Z
synthetic-user-v1-000310,Curious Generalist,,0.0,0.282,0.6067,0.5507,0.571,0.4744,0.4523,0.5737,0.5418,0.5234,15.2463,high,0.6149,0.6324,0.7958,0.9528,0.6255,regular,synthetic_product_v1,synthetic_user_v1,42,2026-01-01T00:05:09Z
synthetic-user-v1-000311,Tech Futurist,Power Seeker,0.3939,0.4726,0.5738,0.6077,0.5435,0.6623,0.2425,0.7583,0.5831,0.7776,20.2371,ultra_high,0.3356,0.4672,0.8566,0.4062,0.5061,regular,synthetic_product_v1,synthetic_user_v1,42,2026-01-01T00:05:10Z
synthetic-user-v1-000312,Nature Explorer,,0.0,0.6504,0.4748,0.4745,0.4516,0.3603,0.904,0.2048,0.3384,0.6838,17.5547,high,0.7796,0.3992,0.6156,0.413,0.5336,regular,synthetic_product_v1,synthetic_user_v1,42,2026-01-01T00:05:11Z
synthetic-user-v1-000313,Tech Futurist,,0.0,0.4488,0.4526,1.0,0.2987,0.7867,0.078,0.4672,0.5669,0.775,13.6693,medium,0.5953,0.7026,0.8521,0.7005,0.7179,regular,synthetic_product_v1,synthetic_user_v1,42,2026-01-01T00:05:12Z
synthetic-user-v1-000314,Fantasy Lover,,0.0,0.5802,0.4209,0.8628,0.5508,0.4656,0.503,0.7919,0.2303,0.6803,9.4552,low,0.7611,0.528,0.8196,0.5426,0.5712,regular,synthetic_product_v1,synthetic_user_v1,42,2026-01-01T00:05:13Z
synthetic-user-v1-000315,Curious Generalist,,0.0,0.3694,0.5516,1.0,0.3651,0.4393,0.4897,0.1902,0.3411,0.3114,16.1317,high,0.1448,0.6958,0.845,0.4077,0.5055,regular,synthetic_product_v1,synthetic_user_v1,42,2026-01-01T00:05:14Z
synthetic-user-v1-000316,Luxury Collector,,0.0,0.4715,0.8035,0.6035,0.8156,0.5577,0.3218,0.4232,0.4987,0.5692,20.193,ultra_high,0.293,0.8103,0.5239,0.465,0.5016,regular,synthetic_product_v1,synthetic_user_v1,42,2026-01-01T00:05:15Z
synthetic-user-v1-000317,Nature Explorer,Fantasy Lover,0.3206,0.4347,0.4338,0.5716,0.3405,0.2666,0.5481,0.4638,0.3568,0.4806,14.6302,medium,0.6918,0.4305,1.0,0.369,0.3724,regular,synthetic_product_v1,synthetic_user_v1,42,2026-01-01T00:05:16Z
synthetic-user-v1-000318,Luxury Collector,,0.0,0.1544,1.0,0.8012,0.8069,0.3251,0.1591,0.6361,0.3072,0.5686,13.5604,medium,0.3904,0.6942,0.5597,0.231,0.9775,heavy,synthetic_product_v1,synthetic_user_v1,42,2026-01-01T00:05:17Z
synthetic-user-v1-000319,Curious Generalist,,0.0,0.7281,0.5395,0.6055,0.6181,0.3186,0.5789,0.6018,0.4256,0.6054,12.344,medium,0.5709,0.4734,0.8962,0.152,0.2157,casual,synthetic_product_v1,synthetic_user_v1,42,2026-01-01T00:05:18Z
synthetic-user-v1-000320,History Collector,Curious Generalist,0.2308,0.4174,0.5744,0.7607,0.743,0.3192,0.4405,0.2962,0.445,0.8625,16.0575,high,0.6805,0.2211,0.6192,0.2604,0.4059,regular,synthetic_product_v1,synthetic_user_v1,42,2026-01-01T00:05:19Z
synthetic-user-v1-000321,History Collector,,0.0,0.21,0.7009,0.5079,1.0,0.6316,0.4524,0.1982,0.4259,0.6733,16.7559,high,0.6076,0.1615,0.4471,0.2688,0.3518,regular,synthetic_product_v1,synthetic_user_v1,42,2026-01-01T00:05:20Z
synthetic-user-v1-000322,Thrill Seeker,,0.0,0.9112,0.1587,0.4389,0.4467,0.52,0.5789,0.391,0.4578,0.9611,11.8737,medium,0.3634,0.5978,0.5995,1.0,0.4578,regular,synthetic_product_v1,synthetic_user_v1,42,2026-01-01T00:05:21Z
synthetic-user-v1-000323,Power Seeker,,0.0,0.6367,0.8653,0.5115,0.6304,0.4969,0.4916,0.6348,0.5386,0.9097,15.4589,high,0.246,0.7227,0.6386,0.8946,0.7444,regular,synthetic_product_v1,synthetic_user_v1,42,2026-01-01T00:05:22Z
synthetic-user-v1-000324,Curious Generalist,,0.0,0.2517,0.3838,0.2531,0.6634,0.312,0.4448,0.2347,0.1708,0.7168,15.6832,high,0.7247,0.5682,0.6344,0.378,0.6138,regular,synthetic_product_v1,synthetic_user_v1,42,2026-01-01T00:05:23Z
synthetic-user-v1-000325,Nature Explorer,,0.0,0.6541,0.3648,0.7166,0.4616,0.191,1.0,0.3617,0.407,0.4162,8.199,low,0.732,0.538,0.6976,0.388,0.5464,regular,synthetic_product_v1,synthetic_user_v1,42,2026-01-01T00:05:24Z
synthetic-user-v1-000326,Space Enthusiast,Luxury Collector,0.3515,0.3591,0.7427,0.691,0.5086,0.4117,0.5469,0.425,0.6902,0.6533,18.0111,high,0.5063,0.1837,0.7271,0.8635,0.3079,casual,synthetic_product_v1,synthetic_user_v1,42,2026-01-01T00:05:25Z
synthetic-user-v1-000327,Fantasy Lover,Nature Explorer,0.2059,0.6931,0.7329,0.6634,0.6876,0.1472,0.7189,0.7951,0.1098,0.5828,11.9652,medium,0.1578,0.2391,0.6085,0.6897,0.6594,regular,synthetic_product_v1,synthetic_user_v1,42,2026-01-01T00:05:26Z
synthetic-user-v1-000328,History Collector,,0.0,0.3581,0.9371,0.527,1.0,0.175,0.6079,0.234,0.2072,0.453,15.8392,high,0.9321,0.0,0.1878,0.4203,0.3639,regular,synthetic_product_v1,synthetic_user_v1,42,2026-01-01T00:05:27Z
synthetic-user-v1-000329,Luxury Collector,,0.0,0.33,0.7314,0.3907,0.6412,0.3286,0.424,0.419,0.6287,0.7823,18.2294,high,0.6991,0.6962,0.0667,0.4175,0.321,casual,synthetic_product_v1,synthetic_user_v1,42,2026-01-01T00:05:28Z
synthetic-user-v1-000330,Space Enthusiast,,0.0,0.4038,0.7284,0.704,0.5911,0.3941,0.6225,0.0,0.8427,0.599,18.445,high,0.2362,0.7127,0.5796,0.3598,0.3311,casual,synthetic_product_v1,synthetic_user_v1,42,2026-01-01T00:05:29Z
synthetic-user-v1-000331,Curious Generalist,,0.0,0.3507,0.1151,0.6018,0.1826,0.5944,0.6627,0.5436,0.5815,0.6307,11.9641,medium,0.7486,0.2438,0.6717,0.5069,0.5703,regular,synthetic_product_v1,synthetic_user_v1,42,2026-01-01T00:05:30Z
synthetic-user-v1-000332,Curious Generalist,,0.0,0.2864,0.6507,0.2563,0.3733,0.7064,0.9807,0.364,0.3899,0.5335,13.0302,medium,0.4127,0.5587,0.7114,0.4626,0.5758,regular,synthetic_product_v1,synthetic_user_v1,42,2026-01-01T00:05:31Z
synthetic-user-v1-000333,Power Seeker,,0.0,0.7608,0.4555,0.7391,0.4968,0.4373,0.333,0.4773,0.6514,0.895,14.0959,medium,0.2723,0.5333,0.4618,0.4829,0.4421,regular,synthetic_product_v1,synthetic_user_v1,42,2026-01-01T00:05:32Z
synthetic-user-v1-000334,History Collector,,0.0,0.3825,0.7529,0.3342,1.0,0.3701,0.829,0.3608,0.3682,0.6691,18.4534,high,0.7755,0.4552,0.2113,0.0171,0.2847,casual,synthetic_product_v1,synthetic_user_v1,42,2026-01-01T00:05:33Z
synthetic-user-v1-000335,Luxury Collector,,0.0,0.4072,1.0,0.5193,0.7468,0.4982,0.2133,0.2771,0.3921,0.4452,15.672,high,0.5178,0.8522,0.3883,0.1762,0.373,regular,synthetic_product_v1,synthetic_user_v1,42,2026-01-01T00:05:34Z
synthetic-user-v1-000336,Thrill Seeker,,0.0,0.7856,0.4335,0.6098,0.5181,0.5605,0.7259,0.5502,0.4575,0.5528,11.9006,medium,0.1331,0.5898,0.9252,0.8096,0.449,regular,synthetic_product_v1,synthetic_user_v1,42,2026-01-01T00:05:35Z
synthetic-user-v1-000337,History Collector,Tech Futurist,0.2495,0.2769,0.4831,0.6272,0.7163,0.4231,0.5868,0.5261,0.315,0.2628,17.9554,high,0.4904,0.401,0.6562,0.0,0.0874,casual,synthetic_product_v1,synthetic_user_v1,42,2026-01-01T00:05:36Z
synthetic-user-v1-000338,Nature Explorer,,0.0,0.215,0.219,0.7527,0.5063,0.2114,0.8144,0.171,0.0778,0.4953,10.2896,low,0.4771,0.4958,0.3711,0.3874,0.8003,heavy,synthetic_product_v1,synthetic_user_v1,42,2026-01-01T00:05:37Z
synthetic-user-v1-000339,Eclectic Browser,,0.0,0.6866,0.3329,0.6884,0.5286,0.7222,0.5662,0.6398,0.8107,0.8284,18.1595,high,0.5566,0.7751,0.9527,0.4444,0.7951,regular,synthetic_product_v1,synthetic_user_v1,42,2026-01-01T00:05:38Z
synthetic-user-v1-000340,Space Enthusiast,,0.0,0.517,0.4813,0.6095,0.4368,0.4993,0.3964,0.3234,0.6768,0.7091,15.6245,high,0.4356,0.6116,0.5163,0.0684,0.6585,regular,synthetic_product_v1,synthetic_user_v1,42,2026-01-01T00:05:39Z
synthetic-user-v1-000341,History Collector,,0.0,0.4744,1.0,0.5112,0.7006,0.5222,0.4241,0.1738,0.0596,0.3609,18.0681,high,0.4949,0.363,0.4567,0.488,0.287,casual,synthetic_product_v1,synthetic_user_v1,42,2026-01-01T00:05:40Z
synthetic-user-v1-000342,Eclectic Browser,,0.0,0.7773,0.3712,0.7553,0.5082,0.5089,0.6175,0.758,0.653,0.3637,14.8353,medium,0.3826,0.5293,0.8682,0.7203,0.9039,heavy,synthetic_product_v1,synthetic_user_v1,42,2026-01-01T00:05:41Z
synthetic-user-v1-000343,Space Enthusiast,,0.0,0.3002,0.6058,0.5075,0.4702,0.7517,0.5217,0.431,0.9535,0.6574,16.3479,high,0.7523,0.7823,0.5732,0.8432,0.7279,regular,synthetic_product_v1,synthetic_user_v1,42,2026-01-01T00:05:42Z
synthetic-user-v1-000344,Space Enthusiast,Nature Explorer,0.3734,0.5246,0.6255,0.587,0.2642,0.6953,0.965,0.5373,0.6554,0.4632,24.2263,absurd,0.6306,0.4906,0.8296,0.02,0.7596,regular,synthetic_product_v1,synthetic_user_v1,42,2026-01-01T00:05:43Z
synthetic-user-v1-000345,Nature Explorer,,0.0,0.4562,0.7125,0.6261,0.5615,0.3299,0.746,0.1627,0.2696,0.4988,10.2992,low,0.6594,0.5659,1.0,0.2377,0.5011,regular,synthetic_product_v1,synthetic_user_v1,42,2026-01-01T00:05:44Z
synthetic-user-v1-000346,Nature Explorer,,0.0,0.5055,0.2252,0.6294,0.6124,0.2358,0.6648,0.4117,0.6704,0.4248,15.1286,high,0.5345,0.0237,1.0,0.4489,0.5241,regular,synthetic_product_v1,synthetic_user_v1,42,2026-01-01T00:05:45Z
synthetic-user-v1-000347,Space Enthusiast,,0.0,0.6281,0.3621,0.9484,0.291,0.6886,0.3851,0.2198,0.8152,0.7268,19.7654,high,0.3304,0.8183,0.3563,0.1147,0.605,regular,synthetic_product_v1,synthetic_user_v1,42,2026-01-01T00:05:46Z
synthetic-user-v1-000348,Curious Generalist,,0.0,0.7263,0.6517,0.6031,0.771,0.6799,0.54,0.6195,0.7547,0.3135,10.3138,low,0.5704,0.3672,1.0,0.5648,0.2779,casual,synthetic_product_v1,synthetic_user_v1,42,2026-01-01T00:05:47Z
synthetic-user-v1-000349,Fantasy Lover,,0.0,0.7181,0.494,0.4578,0.6396,0.2834,0.0394,0.9975,0.0502,0.6195,8.6206,low,0.6569,0.6343,0.3886,0.5249,0.3841,regular,synthetic_product_v1,synthetic_user_v1,42,2026-01-01T00:05:48Z
synthetic-user-v1-000350,Luxury Collector,Space Enthusiast,0.326,0.3896,0.791,0.542,0.3456,0.6702,0.4202,0.4987,0.6421,0.7684,22.051,ultra_high,0.5904,0.3724,0.2146,0.0137,0.4057,regular,synthetic_product_v1,synthetic_user_v1,42,2026-01-01T00:05:49Z
synthetic-user-v1-000351,Thrill Seeker,,0.0,0.6116,0.4553,0.7236,0.5635,0.6131,0.3659,0.4925,0.537,0.8858,17.0812,high,0.1458,0.5299,1.0,1.0,1.0,heavy,synthetic_product_v1,synthetic_user_v1,42,2026-01-01T00:05:50Z
synthetic-user-v1-000352,Fantasy Lover,,0.0,0.4427,0.9206,0.481,0.5594,0.5857,0.4391,1.0,0.208,0.7337,14.4353,medium,0.5398,0.4907,0.6223,0.3604,0.6215,regular,synthetic_product_v1,synthetic_user_v1,42,2026-01-01T00:05:51Z
synthetic-user-v1-000353,Fantasy Lover,,0.0,0.3206,0.6287,0.906,0.6515,0.4662,0.6564,0.8964,0.1908,0.5955,12.058,medium,0.2481,0.6667,0.6556,0.478,0.681,regular,synthetic_product_v1,synthetic_user_v1,42,2026-01-01T00:05:52Z
synthetic-user-v1-000354,Eclectic Browser,,0.0,0.4306,0.5806,0.8052,0.4636,0.7813,0.6984,0.5155,0.4789,0.4078,16.6007,high,0.3303,0.7279,0.71,0.2884,0.6662,regular,synthetic_product_v1,synthetic_user_v1,42,2026-01-01T00:05:53Z
synthetic-user-v1-000355,Eclectic Browser,,0.0,0.5693,0.3774,0.746,0.5114,0.5018,0.6716,1.0,0.2548,0.9583,12.0816,medium,0.2774,0.6121,0.8588,0.456,0.4162,regular,synthetic_product_v1,synthetic_user_v1,42,2026-01-01T00:05:54Z
synthetic-user-v1-000356,Curious Generalist,,0.0,0.4072,0.2408,0.9245,0.3237,0.4429,0.5178,0.699,0.7772,0.4009,16.2712,high,0.4468,0.5311,0.7102,0.5203,0.6659,regular,synthetic_product_v1,synthetic_user_v1,42,2026-01-01T00:05:55Z
synthetic-user-v1-000357,Luxury Collector,Tech Futurist,0.3496,0.4927,0.7103,0.7972,0.3586,0.6254,0.2532,0.3217,0.7234,0.4202,25.3786,absurd,0.4516,0.8789,0.1298,0.3597,0.4788,regular,synthetic_product_v1,synthetic_user_v1,42,2026-01-01T00:05:56Z
synthetic-user-v1-000358,Luxury Collector,History Collector,0.2366,0.2837,0.7311,0.5836,0.5885,0.4632,0.5868,0.3419,0.0,0.7757,13.4205,medium,0.7905,0.9065,0.4398,0.4887,0.3957,regular,synthetic_product_v1,synthetic_user_v1,42,2026-01-01T00:05:57Z
synthetic-user-v1-000359,Curious Generalist,Nature Explorer,0.2361,0.5842,0.6608,0.5719,0.8439,0.2815,0.5041,0.6528,0.4146,0.3807,13.1604,medium,0.7008,0.3833,0.3328,0.7784,0.8226,heavy,synthetic_product_v1,synthetic_user_v1,42,2026-01-01T00:05:58Z
synthetic-user-v1-000360,Nature Explorer,,0.0,0.4993,0.2118,0.7519,0.7705,0.1881,0.9174,0.3541,0.4641,0.2947,7.2,low,0.593,0.3392,0.9783,0.3248,0.7177,regular,synthetic_product_v1,synthetic_user_v1,42,2026-01-01T00:05:59Z
synthetic-user-v1-000361,Thrill Seeker,,0.0,0.7523,0.6513,0.7005,0.0,0.38,0.5736,0.6592,0.4492,0.726,12.4088,medium,0.4812,0.3265,0.8632,1.0,1.0,heavy,synthetic_product_v1,synthetic_user_v1,42,2026-01-01T00:06:00Z
synthetic-user-v1-000362,History Collector,,0.0,0.7527,0.9451,0.6863,1.0,0.5776,0.4418,0.641,0.194,0.4832,13.3127,medium,0.7168,0.2845,0.3421,0.2126,0.451,regular,synthetic_product_v1,synthetic_user_v1,42,2026-01-01T00:06:01Z
synthetic-user-v1-000363,History Collector,,0.0,0.4746,0.5131,0.1877,0.9017,0.1364,0.5304,0.1419,0.365,0.6325,12.6616,medium,0.7405,0.5893,0.4214,0.1712,0.2664,casual,synthetic_product_v1,synthetic_user_v1,42,2026-01-01T00:06:02Z
synthetic-user-v1-000364,Curious Generalist,,0.0,0.5259,0.6351,0.7748,0.386,0.3781,0.4866,0.676,0.6322,0.4396,15.4332,high,0.8489,0.352,0.5209,0.4558,0.6257,regular,synthetic_product_v1,synthetic_user_v1,42,2026-01-01T00:06:03Z
synthetic-user-v1-000365,Tech Futurist,Eclectic Browser,0.3835,0.3277,0.5332,0.578,0.4928,0.6968,0.1157,0.346,0.6681,0.6165,12.4604,medium,0.2785,0.688,0.3026,0.7292,0.608,regular,synthetic_product_v1,synthetic_user_v1,42,2026-01-01T00:06:04Z
synthetic-user-v1-000366,Power Seeker,,0.0,0.7166,0.5196,0.8763,0.4881,0.3752,0.472,0.4133,0.6938,0.7365,18.7932,high,0.4463,0.6644,0.3411,0.5309,0.7205,regular,synthetic_product_v1,synthetic_user_v1,42,2026-01-01T00:06:05Z
synthetic-user-v1-000367,Luxury Collector,Fantasy Lover,0.2233,0.4574,0.9614,0.496,0.2721,0.6631,0.3603,0.3458,0.3851,0.7827,16.0371,high,0.3018,0.5992,0.4337,0.3636,0.343,casual,synthetic_product_v1,synthetic_user_v1,42,2026-01-01T00:06:06Z
synthetic-user-v1-000368,History Collector,Curious Generalist,0.3392,0.4396,0.6432,0.5885,0.6689,0.4117,0.526,0.7311,0.4465,0.3918,20.9072,ultra_high,0.7788,0.5812,0.6689,0.5983,0.5988,regular,synthetic_product_v1,synthetic_user_v1,42,2026-01-01T00:06:07Z
synthetic-user-v1-000369,Thrill Seeker,,0.0,0.6965,0.4822,0.9135,0.3415,0.4862,0.7536,0.5164,0.2399,0.7126,12.707,medium,0.1148,0.2782,0.8464,0.5347,0.8102,heavy,synthetic_product_v1,synthetic_user_v1,42,2026-01-01T00:06:08Z
synthetic-user-v1-000370,Fantasy Lover,,0.0,0.427,0.7173,0.7573,0.2239,0.3285,0.6789,0.7327,0.3983,0.5941,12.5457,medium,0.2361,0.4145,0.6309,0.8573,0.5431,regular,synthetic_product_v1,synthetic_user_v1,42,2026-01-01T00:06:09Z
synthetic-user-v1-000371,Space Enthusiast,,0.0,0.6658,0.7098,0.6141,0.2413,0.5726,0.537,0.3232,0.6819,0.4038,21.854,ultra_high,0.2689,0.891,0.4534,0.4012,0.3369,casual,synthetic_product_v1,synthetic_user_v1,42,2026-01-01T00:06:10Z
synthetic-user-v1-000372,Luxury Collector,,0.0,0.1444,0.8431,0.4231,0.2699,0.67,0.333,0.3563,0.0,0.6936,17.5734,high,0.5306,0.6488,0.2296,0.3532,0.5744,regular,synthetic_product_v1,synthetic_user_v1,42,2026-01-01T00:06:11Z
synthetic-user-v1-000373,Eclectic Browser,Luxury Collector,0.2202,0.0823,0.8383,0.6373,0.6099,0.5717,0.5459,0.6838,0.4103,0.7441,19.7256,high,0.4302,0.656,0.8944,0.505,0.6962,regular,synthetic_product_v1,synthetic_user_v1,42,2026-01-01T00:06:12Z
synthetic-user-v1-000374,Luxury Collector,Tech Futurist,0.3987,0.3292,0.814,0.3803,0.526,0.433,0.6215,0.258,0.5687,0.4727,17.2657,high,0.8811,0.6132,0.6339,0.2619,0.5052,regular,synthetic_product_v1,synthetic_user_v1,42,2026-01-01T00:06:13Z
synthetic-user-v1-000375,Curious Generalist,,0.0,0.5434,0.3149,0.6667,0.4624,0.3441,0.4572,0.5499,0.5496,0.5819,17.2315,high,0.2546,0.5659,0.4592,0.5595,0.5117,regular,synthetic_product_v1,synthetic_user_v1,42,2026-01-01T00:06:14Z
synthetic-user-v1-000376,Luxury Collector,,0.0,0.2527,0.9045,0.5056,0.7259,0.8838,0.4222,0.4617,0.4721,0.4639,16.0791,high,0.5297,1.0,0.1217,0.4834,0.5774,regular,synthetic_product_v1,synthetic_user_v1,42,2026-01-01T00:06:15Z
synthetic-user-v1-000377,Luxury Collector,Thrill Seeker,0.2843,0.5157,1.0,0.485,0.6054,0.1775,0.5571,0.5106,0.2343,0.7452,16.8129,high,0.5815,0.7911,0.3137,0.1156,0.7955,regular,synthetic_product_v1,synthetic_user_v1,42,2026-01-01T00:06:16Z
synthetic-user-v1-000378,Curious Generalist,Eclectic Browser,0.2787,0.9386,0.8737,0.7259,0.6308,0.7011,0.9845,0.4726,0.5987,0.237,17.5818,high,0.7724,0.3661,0.8717,0.2518,0.5179,regular,synthetic_product_v1,synthetic_user_v1,42,2026-01-01T00:06:17Z
synthetic-user-v1-000379,Curious Generalist,,0.0,0.3328,0.7788,0.7979,0.3911,0.6182,0.6598,0.3031,0.2171,0.3824,11.5682,medium,0.6122,0.6486,0.429,0.5456,0.3952,regular,synthetic_product_v1,synthetic_user_v1,42,2026-01-01T00:06:18Z
synthetic-user-v1-000380,Luxury Collector,Thrill Seeker,0.2669,0.1409,0.709,0.3633,0.8743,0.8334,0.4584,0.5383,0.196,0.5926,16.5784,high,0.8939,0.776,0.2282,0.2584,0.3638,regular,synthetic_product_v1,synthetic_user_v1,42,2026-01-01T00:06:19Z
synthetic-user-v1-000381,Thrill Seeker,,0.0,0.8007,0.0,0.7832,0.356,0.3231,0.7809,0.4095,0.4196,0.7019,10.2416,low,0.5765,0.0,0.889,1.0,0.6127,regular,synthetic_product_v1,synthetic_user_v1,42,2026-01-01T00:06:20Z
synthetic-user-v1-000382,Curious Generalist,,0.0,0.0483,0.7072,0.4814,0.3094,0.4753,0.4528,0.6158,0.535,0.2926,12.276,medium,0.4078,0.5333,0.5582,0.7133,0.2982,casual,synthetic_product_v1,synthetic_user_v1,42,2026-01-01T00:06:21Z
synthetic-user-v1-000383,Curious Generalist,,0.0,0.4532,0.5856,0.5483,0.2283,0.5699,0.5582,0.6491,0.3627,0.3951,15.4558,high,0.5084,0.3709,0.6486,0.4598,0.3135,casual,synthetic_product_v1,synthetic_user_v1,42,2026-01-01T00:06:22Z
synthetic-user-v1-000384,History Collector,,0.0,0.5674,0.3359,0.656,0.4503,0.3683,0.54,0.3001,0.4159,0.7307,19.72,high,0.7222,0.3617,0.4274,0.5303,0.6441,regular,synthetic_product_v1,synthetic_user_v1,42,2026-01-01T00:06:23Z
synthetic-user-v1-000385,Thrill Seeker,,0.0,1.0,0.3671,0.9472,0.2553,0.4118,0.6641,0.3987,0.36,0.838,13.8737,medium,0.2709,0.1427,0.7681,0.9874,0.8528,heavy,synthetic_product_v1,synthetic_user_v1,42,2026-01-01T00:06:24Z
synthetic-user-v1-000386,Curious Generalist,Nature Explorer,0.3778,0.6512,0.5368,0.909,0.4234,0.4351,0.4743,0.694,0.2495,0.6282,8.6002,low,0.5922,0.3495,0.624,0.212,0.3948,regular,synthetic_product_v1,synthetic_user_v1,42,2026-01-01T00:06:25Z
synthetic-user-v1-000387,History Collector,,0.0,0.2022,0.6747,0.3539,0.9341,0.4347,0.3943,0.4528,0.015,0.4518,17.6746,high,0.8049,0.7952,0.2815,0.2845,0.2622,casual,synthetic_product_v1,synthetic_user_v1,42,2026-01-01T00:06:26Z
synthetic-user-v1-000388,Curious Generalist,,0.0,0.2703,0.4746,0.419,0.5917,0.2796,0.4537,0.4792,0.3826,0.5019,11.61,medium,0.7834,0.6263,0.746,0.691,0.3898,regular,synthetic_product_v1,synthetic_user_v1,42,2026-01-01T00:06:27Z
synthetic-user-v1-000389,Eclectic Browser,,0.0,0.8532,0.7574,0.7134,0.5083,0.5875,0.4532,0.5079,0.2284,0.2975,16.8678,high,0.3402,0.824,0.9199,0.7921,0.5171,regular,synthetic_product_v1,synthetic_user_v1,42,2026-01-01T00:06:28Z
synthetic-user-v1-000390,Space Enthusiast,,0.0,0.525,0.6489,0.6121,0.3764,0.7389,0.5788,0.4067,0.9359,0.6767,22.6716,ultra_high,0.3234,0.6403,0.4999,0.3331,0.6523,regular,synthetic_product_v1,synthetic_user_v1,42,2026-01-01T00:06:29Z
synthetic-user-v1-000391,Space Enthusiast,Curious Generalist,0.2596,0.5722,0.6038,0.7907,0.3394,0.9438,0.3847,0.5037,0.7993,0.4732,19.2384,high,0.4078,0.7154,0.5754,0.3443,0.357,regular,synthetic_product_v1,synthetic_user_v1,42,2026-01-01T00:06:30Z
synthetic-user-v1-000392,Luxury Collector,Curious Generalist,0.2815,0.5553,0.8083,0.9231,0.528,0.8999,0.3964,0.3812,0.1439,0.5029,15.4686,high,0.7934,0.8487,0.4761,0.8423,0.6432,regular,synthetic_product_v1,synthetic_user_v1,42,2026-01-01T00:06:31Z
synthetic-user-v1-000393,Eclectic Browser,,0.0,0.8581,0.4743,0.5367,0.4407,0.709,0.4774,0.7789,0.5511,0.6332,12.8229,medium,0.4589,0.6688,0.7362,0.2675,0.6658,regular,synthetic_product_v1,synthetic_user_v1,42,2026-01-01T00:06:32Z
synthetic-user-v1-000394,Curious Generalist,,0.0,0.3234,0.3954,0.8019,0.3555,0.4225,0.7817,0.584,0.3552,0.4878,13.2838,medium,0.7048,0.7265,0.6348,0.6891,0.6064,regular,synthetic_product_v1,synthetic_user_v1,42,2026-01-01T00:06:33Z
synthetic-user-v1-000395,Curious Generalist,,0.0,0.6351,0.493,0.5594,0.3866,0.5009,0.7968,0.395,0.5152,0.6855,14.2079,medium,0.6142,0.8248,0.6975,0.4722,0.3142,casual,synthetic_product_v1,synthetic_user_v1,42,2026-01-01T00:06:34Z
synthetic-user-v1-000396,Tech Futurist,,0.0,0.4718,0.7747,0.6112,0.0595,1.0,0.2215,0.1403,0.1965,0.5732,12.2861,medium,0.8422,0.6757,0.5129,0.2668,0.5617,regular,synthetic_product_v1,synthetic_user_v1,42,2026-01-01T00:06:35Z
synthetic-user-v1-000397,Curious Generalist,,0.0,0.6153,0.2531,0.5573,0.5978,0.5479,0.2843,0.6881,0.4894,0.6998,13.2314,medium,0.5874,0.4711,1.0,0.4256,0.5564,regular,synthetic_product_v1,synthetic_user_v1,42,2026-01-01T00:06:36Z
synthetic-user-v1-000398,History Collector,,0.0,0.4341,0.5965,0.7604,0.8984,0.5258,0.4153,0.4785,0.4469,0.4084,17.0039,high,0.7425,0.267,0.5398,0.1207,0.555,regular,synthetic_product_v1,synthetic_user_v1,42,2026-01-01T00:06:37Z
synthetic-user-v1-000399,Tech Futurist,,0.0,0.2574,0.5049,0.528,0.2528,0.816,0.2766,0.4406,0.5123,0.6274,16.89,high,0.719,0.6336,0.5249,0.2584,0.6502,regular,synthetic_product_v1,synthetic_user_v1,42,2026-01-01T00:06:38Z
synthetic-user-v1-000400,Thrill Seeker,,0.0,0.4231,0.3004,0.7149,0.1564,0.4151,0.8318,0.3529,0.4289,0.7317,14.46,medium,0.432,0.4556,0.6543,0.617,0.6281,regular,synthetic_product_v1,synthetic_user_v1,42,2026-01-01T00:06:39Z
synthetic-user-v1-000401,Luxury Collector,,0.0,0.3388,0.5386,0.6006,0.7275,0.3269,0.5041,0.5852,0.3834,0.8015,18.4212,high,0.6093,0.9072,0.3141,0.4754,0.7606,regular,synthetic_product_v1,synthetic_user_v1,42,2026-01-01T00:06:40Z
synthetic-user-v1-000402,Space Enthusiast,Nature Explorer,0.2126,0.5462,0.4949,0.6718,0.3691,0.5939,0.6902,0.0,0.8165,0.4614,13.0273,medium,0.5948,0.2897,0.4887,0.4319,0.6451,regular,synthetic_product_v1,synthetic_user_v1,42,2026-01-01T00:06:41Z
synthetic-user-v1-000403,History Collector,Luxury Collector,0.3528,0.2104,0.5979,0.5898,0.8102,0.5251,0.5006,0.4491,0.2414,0.8243,21.3326,ultra_high,0.7174,0.3834,0.3327,0.1975,0.2976,casual,synthetic_product_v1,synthetic_user_v1,42,2026-01-01T00:06:42Z
synthetic-user-v1-000404,Eclectic Browser,Power Seeker,0.2803,0.4213,0.4117,0.5725,0.6657,0.3455,0.4028,0.4624,0.3543,0.6946,13.9906,medium,0.2937,0.2605,1.0,0.6192,0.603,regular,synthetic_product_v1,synthetic_user_v1,42,2026-01-01T00:06:43Z
synthetic-user-v1-000405,Thrill Seeker,,0.0,0.8896,0.4358,0.691,0.1112,0.6672,0.3282,0.5741,0.5158,0.6373,14.2113,medium,0.1961,0.4951,0.7811,1.0,0.6163,regular,synthetic_product_v1,synthetic_user_v1,42,2026-01-01T00:06:44Z
synthetic-user-v1-000406,Eclectic Browser,,0.0,0.7325,0.4128,0.5772,0.3073,0.4598,0.6799,0.7428,0.4443,0.4898,18.5598,high,0.4018,0.3959,0.8464,0.9487,0.6196,regular,synthetic_product_v1,synthetic_user_v1,42,2026-01-01T00:06:45Z
synthetic-user-v1-000407,Space Enthusiast,,0.0,0.6383,0.6094,0.9464,0.3463,0.6782,0.5574,0.4176,1.0,0.5158,17.3549,high,0.0726,0.431,0.5543,0.3952,0.4454,regular,synthetic_product_v1,synthetic_user_v1,42,2026-01-01T00:06:46Z
synthetic-user-v1-000408,Nature Explorer,Curious Generalist,0.2992,0.6079,0.6249,0.5099,0.4293,0.1837,0.8173,0.5411,0.4227,0.2202,13.5258,medium,0.3221,0.5474,0.7454,0.3812,0.4264,regular,synthetic_product_v1,synthetic_user_v1,42,2026-01-01T00:06:47Z
synthetic-user-v1-000409,Luxury Collector,,0.0,0.2365,0.8401,0.3696,0.6827,0.609,0.3412,0.5853,0.3635,0.5961,18.5608,high,0.6773,0.7978,0.2294,0.3814,0.4616,regular,synthetic_product_v1,synthetic_user_v1,42,2026-01-01T00:06:48Z
synthetic-user-v1-000410,Tech Futurist,Eclectic Browser,0.2042,0.5943,0.4949,0.5996,0.3946,0.7312,0.4808,0.3875,0.5044,0.9165,9.2082,low,1.0,0.5201,0.912,0.2521,0.2569,casual,synthetic_product_v1,synthetic_user_v1,42,2026-01-01T00:06:49Z
synthetic-user-v1-000411,History Collector,Space Enthusiast,0.3765,0.4958,0.7108,0.3541,0.6417,0.3903,0.6543,0.1322,0.2013,0.5788,12.522,medium,0.5343,0.5107,0.489,0.1986,0.5317,regular,synthetic_product_v1,synthetic_user_v1,42,2026-01-01T00:06:50Z
synthetic-user-v1-000412,Curious Generalist,Thrill Seeker,0.3937,0.5514,0.5693,0.5952,0.5986,0.5926,0.5351,0.4323,0.1741,0.6082,12.3077,medium,0.3377,0.5518,0.594,0.6542,0.3803,regular,synthetic_product_v1,synthetic_user_v1,42,2026-01-01T00:06:51Z
synthetic-user-v1-000413,Luxury Collector,,0.0,0.28,0.6874,0.5614,0.7609,0.6664,0.3193,0.5897,0.4057,0.7129,22.2245,ultra_high,0.6588,0.8993,0.1892,0.5179,0.3479,casual,synthetic_product_v1,synthetic_user_v1,42,2026-01-01T00:06:52Z
synthetic-user-v1-000414,Eclectic Browser,,0.0,0.5189,0.5445,0.7501,0.34,0.6109,0.4153,0.5099,0.4279,0.4537,11.9871,medium,0.5157,0.3319,0.7363,0.6648,0.6974,regular,synthetic_product_v1,synthetic_user_v1,42,2026-01-01T00:06:53Z
synthetic-user-v1-000415,History Collector,Eclectic Browser,0.2718,0.7017,0.7834,0.3398,0.7528,0.4815,0.1626,0.49,0.3599,0.6593,16.9778,high,0.8203,0.3224,0.693,0.245,0.4929,regular,synthetic_product_v1,synthetic_user_v1,42,2026-01-01T00:06:54Z
synthetic-user-v1-000416,Space Enthusiast,,0.0,0.3828,1.0,0.7128,0.3839,0.3975,0.5179,0.339,0.769,0.8632,21.1305,ultra_high,0.2124,0.7123,0.506,0.2628,0.3909,regular,synthetic_product_v1,synthetic_user_v1,42,2026-01-01T00:06:55Z
synthetic-user-v1-000417,Eclectic Browser,,0.0,0.5864,0.4092,0.6082,0.5489,0.559,0.3885,0.3204,0.5221,0.5823,10.2018,low,0.5409,0.4352,0.9271,0.619,0.3504,regular,synthetic_product_v1,synthetic_user_v1,42,2026-01-01T00:06:56Z
synthetic-user-v1-000418,Eclectic Browser,Luxury Collector,0.3706,0.2381,0.7231,0.672,0.6203,0.433,0.5,0.3678,0.4058,0.4627,15.4847,high,0.4653,0.1747,0.7645,0.4229,0.8473,heavy,synthetic_product_v1,synthetic_user_v1,42,2026-01-01T00:06:57Z
synthetic-user-v1-000419,Nature Explorer,,0.0,0.4227,0.3631,0.9024,0.8176,0.4872,0.8725,0.4076,0.0125,0.3575,11.1626,medium,0.9242,0.5138,0.7893,0.2036,0.2677,casual,synthetic_product_v1,synthetic_user_v1,42,2026-01-01T00:06:58Z
synthetic-user-v1-000420,Power Seeker,,0.0,0.6925,0.5324,0.5355,0.5937,0.7612,0.5515,0.819,0.4103,0.8574,20.5803,ultra_high,0.2027,0.7603,0.374,0.9557,1.0,heavy,synthetic_product_v1,synthetic_user_v1,42,2026-01-01T00:06:59Z
synthetic-user-v1-000421,Thrill Seeker,,0.0,0.8538,0.4375,0.5772,0.6309,0.1053,0.9256,0.5547,0.5008,0.7432,8.5249,low,0.2064,0.5664,0.6273,0.9424,0.8006,heavy,synthetic_product_v1,synthetic_user_v1,42,2026-01-01T00:07:00Z
synthetic-user-v1-000422,History Collector,Nature Explorer,0.3175,0.19,0.3416,0.548,0.7499,0.3403,0.657,0.4,0.0407,0.706,9.9986,low,0.8131,0.2925,0.1187,0.1595,0.3761,regular,synthetic_product_v1,synthetic_user_v1,42,2026-01-01T00:07:01Z
synthetic-user-v1-000423,Power Seeker,Luxury Collector,0.2694,0.7317,0.4504,0.393,0.7007,0.6284,0.2859,0.6262,0.6244,0.6664,19.7238,high,0.0525,0.9101,0.5875,1.0,0.4993,regular,synthetic_product_v1,synthetic_user_v1,42,2026-01-01T00:07:02Z
synthetic-user-v1-000424,Nature Explorer,Thrill Seeker,0.2584,0.6562,0.6045,0.5267,0.4193,0.2214,0.3135,0.3566,0.0,0.3938,13.7542,medium,0.6275,0.191,0.5891,0.4263,0.6293,regular,synthetic_product_v1,synthetic_user_v1,42,2026-01-01T00:07:03Z
synthetic-user-v1-000425,Power Seeker,,0.0,0.6094,0.6347,0.549,0.2297,0.3556,0.5999,0.6492,0.3134,0.9588,18.5998,high,0.2159,0.6783,0.2227,0.9494,0.789,regular,synthetic_product_v1,synthetic_user_v1,42,2026-01-01T00:07:04Z
synthetic-user-v1-000426,Tech Futurist,Luxury Collector,0.2281,0.5274,0.7777,0.4337,0.4216,0.8079,0.4352,0.4971,0.2939,0.601,17.5015,high,0.4417,0.5167,0.561,0.6388,0.7632,regular,synthetic_product_v1,synthetic_user_v1,42,2026-01-01T00:07:05Z
synthetic-user-v1-000427,Tech Futurist,Thrill Seeker,0.2432,0.4749,0.2535,0.8339,0.1306,0.7037,0.0443,0.3035,0.5353,0.6814,13.0938,medium,0.1688,0.7673,0.5646,0.5363,0.6631,regular,synthetic_product_v1,synthetic_user_v1,42,2026-01-01T00:07:06Z
synthetic-user-v1-000428,Fantasy Lover,,0.0,0.6199,0.7048,0.7102,0.5646,0.5724,0.4209,1.0,0.4076,0.3916,12.8949,medium,0.3717,0.5634,0.5522,0.7974,0.6247,regular,synthetic_product_v1,synthetic_user_v1,42,2026-01-01T00:07:07Z
synthetic-user-v1-000429,Tech Futurist,History Collector,0.3869,0.3077,0.7223,0.6694,0.6303,0.6526,0.4023,0.3782,0.3606,0.6313,15.0577,high,0.3615,0.5716,0.6021,0.6848,0.5405,regular,synthetic_product_v1,synthetic_user_v1,42,2026-01-01T00:07:08Z
synthetic-user-v1-000430,Tech Futurist,,0.0,0.3715,0.0919,0.7513,0.2839,0.5946,0.4833,0.3025,0.4691,0.7114,11.0925,medium,0.1597,0.8737,0.6529,0.4241,0.8469,heavy,synthetic_product_v1,synthetic_user_v1,42,2026-01-01T00:07:09Z
synthetic-user-v1-000431,Space Enthusiast,Fantasy Lover,0.3956,0.4898,0.5082,1.0,0.4586,0.3557,0.505,0.546,0.4573,0.6122,20.029,ultra_high,0.4626,0.674,0.7129,0.3154,0.8709,heavy,synthetic_product_v1,synthetic_user_v1,42,2026-01-01T00:07:10Z
synthetic-user-v1-000432,Eclectic Browser,History Collector,0.2749,0.5769,0.523,0.7384,0.6025,0.5422,0.7422,0.4395,0.7121,0.477,13.8507,medium,0.2609,0.2412,0.3282,0.5079,0.7879,regular,synthetic_product_v1,synthetic_user_v1,42,2026-01-01T00:07:11Z
synthetic-user-v1-000433,Luxury Collector,,0.0,0.3116,0.904,0.6621,0.4823,0.4897,0.619,0.6771,0.249,0.6225,21.0745,ultra_high,0.3047,0.6034,0.4475,0.3194,0.4231,regular,synthetic_product_v1,synthetic_user_v1,42,2026-01-01T00:07:12Z
synthetic-user-v1-000434,Nature Explorer,,0.0,0.4662,0.4747,0.6645,0.4213,0.2139,0.8999,0.3673,0.0979,0.3341,14.5038,medium,0.8792,0.4864,0.6116,0.6763,0.5351,regular,synthetic_product_v1,synthetic_user_v1,42,2026-01-01T00:07:13Z
synthetic-user-v1-000435,Fantasy Lover,Space Enthusiast,0.3212,0.4653,0.7582,0.8251,0.4263,0.5685,0.2655,0.8469,0.4477,0.5181,14.3517,medium,0.5716,0.4242,0.7026,0.7898,0.3117,casual,synthetic_product_v1,synthetic_user_v1,42,2026-01-01T00:07:14Z
synthetic-user-v1-000436,Tech Futurist,,0.0,0.4274,0.5201,0.7794,0.4625,0.795,0.1025,0.353,0.5405,0.7798,12.1584,medium,0.2888,0.5316,0.4976,0.8045,0.7579,regular,synthetic_product_v1,synthetic_user_v1,42,2026-01-01T00:07:15Z
synthetic-user-v1-000437,Eclectic Browser,Tech Futurist,0.2008,0.7271,0.3182,0.5954,0.5696,0.4839,0.5967,0.5521,0.3766,0.4157,23.3034,ultra_high,0.631,0.5727,0.8156,0.6884,0.9975,heavy,synthetic_product_v1,synthetic_user_v1,42,2026-01-01T00:07:16Z
synthetic-user-v1-000438,Eclectic Browser,,0.0,0.5406,0.7649,0.6268,0.4815,0.4119,0.5123,0.3803,0.5127,0.6106,12.6318,medium,0.4644,0.6851,0.9701,0.4903,0.7847,regular,synthetic_product_v1,synthetic_user_v1,42,2026-01-01T00:07:17Z
synthetic-user-v1-000439,Luxury Collector,,0.0,0.5531,0.9118,0.7106,0.7748,0.5649,0.389,0.4834,0.5902,0.5704,14.9816,medium,0.616,0.6776,0.1678,0.1926,0.5289,regular,synthetic_product_v1,synthetic_user_v1,42,2026-01-01T00:07:18Z
synthetic-user-v1-000440,Curious Generalist,Tech Futurist,0.3752,0.0763,0.6339,0.8145,0.3888,0.4752,0.1171,0.3996,0.253,0.4435,14.6054,medium,0.6123,0.4867,0.3812,0.3225,0.1411,casual,synthetic_product_v1,synthetic_user_v1,42,2026-01-01T00:07:19Z
synthetic-user-v1-000441,History Collector,,0.0,0.3669,0.7889,0.5173,0.6321,0.4371,0.5039,0.3079,0.2438,0.5747,13.4141,medium,0.7382,0.3282,0.4271,0.3518,0.3113,casual,synthetic_product_v1,synthetic_user_v1,42,2026-01-01T00:07:20Z
synthetic-user-v1-000442,Space Enthusiast,,0.0,0.5792,0.4827,0.7187,0.2791,0.6147,0.5808,0.6038,0.8979,0.4827,26.5437,absurd,0.0289,0.7247,0.8181,0.6302,0.531,regular,synthetic_product_v1,synthetic_user_v1,42,2026-01-01T00:07:21Z
synthetic-user-v1-000443,Tech Futurist,Eclectic Browser,0.2755,0.483,0.7023,0.5796,0.2923,0.7502,0.3091,0.7028,0.592,0.832,13.18,medium,0.4833,0.5885,0.637,0.0602,0.701,regular,synthetic_product_v1,synthetic_user_v1,42,2026-01-01T00:07:22Z
synthetic-user-v1-000444,Fantasy Lover,,0.0,0.266,0.7249,0.6451,0.3919,0.4948,0.1286,1.0,0.6148,0.679,16.1358,high,0.4029,0.5627,0.5604,0.7108,0.4335,regular,synthetic_product_v1,synthetic_user_v1,42,2026-01-01T00:07:23Z
synthetic-user-v1-000445,Tech Futurist,Luxury Collector,0.3741,0.1722,0.8643,0.7189,0.427,0.8651,0.4822,0.6844,0.3555,0.6341,16.2898,high,0.1367,0.3467,0.6153,0.8151,0.4781,regular,synthetic_product_v1,synthetic_user_v1,42,2026-01-01T00:07:24Z
synthetic-user-v1-000446,Tech Futurist,,0.0,0.4845,0.4806,0.9539,0.6461,0.568,0.2786,0.1601,0.489,0.8232,12.6386,medium,0.2296,0.9571,0.831,0.4482,0.3008,casual,synthetic_product_v1,synthetic_user_v1,42,2026-01-01T00:07:25Z
synthetic-user-v1-000447,Luxury Collector,,0.0,0.297,0.8001,0.4161,0.7448,0.4035,0.1061,0.6799,0.1832,0.6115,15.7546,high,0.5611,1.0,0.0,0.5636,0.3932,regular,synthetic_product_v1,synthetic_user_v1,42,2026-01-01T00:07:26Z
synthetic-user-v1-000448,Thrill Seeker,,0.0,0.8556,0.5963,0.6888,0.2044,0.4498,0.8043,0.7774,0.3566,0.6782,12.23,medium,0.4324,0.391,0.6314,0.9284,0.6982,regular,synthetic_product_v1,synthetic_user_v1,42,2026-01-01T00:07:27Z
synthetic-user-v1-000449,Eclectic Browser,,0.0,0.3816,0.16,0.5867,0.2721,0.7605,0.4642,0.3153,0.5644,0.5134,16.853,high,0.2619,0.6316,0.8852,0.8585,0.2972,casual,synthetic_product_v1,synthetic_user_v1,42,2026-01-01T00:07:28Z
synthetic-user-v1-000450,Fantasy Lover,,0.0,0.4089,0.4007,0.489,0.6477,0.3139,0.3729,0.9932,0.3002,0.7552,9.8419,low,0.6218,0.9175,0.5757,0.5239,0.7334,regular,synthetic_product_v1,synthetic_user_v1,42,2026-01-01T00:07:29Z
synthetic-user-v1-000451,Space Enthusiast,,0.0,0.3092,0.7388,0.6403,0.5783,0.7185,0.6474,0.1062,0.9868,0.6897,13.8161,medium,0.62,0.5081,0.5739,0.8406,0.7564,regular,synthetic_product_v1,synthetic_user_v1,42,2026-01-01T00:07:30Z
synthetic-user-v1-000452,History Collector,,0.0,0.3981,0.7342,0.3972,0.9269,0.5769,0.5785,0.4844,0.2343,0.2389,16.8722,high,0.5642,0.6223,0.3259,0.1619,0.398,regular,synthetic_product_v1,synthetic_user_v1,42,2026-01-01T00:07:31Z
synthetic-user-v1-000453,Luxury Collector,,0.0,0.118,0.7687,0.6084,0.7298,0.5345,0.4084,0.514,0.2944,0.5556,10.8026,low,0.5057,0.6835,0.0,0.4042,0.5878,regular,synthetic_product_v1,synthetic_user_v1,42,2026-01-01T00:07:32Z
synthetic-user-v1-000454,Space Enthusiast,,0.0,0.1888,0.4707,1.0,0.4603,0.6107,0.6582,0.3716,0.6999,0.6649,18.7686,high,0.6954,0.7065,0.5377,0.8936,0.7162,regular,synthetic_product_v1,synthetic_user_v1,42,2026-01-01T00:07:33Z
synthetic-user-v1-000455,Nature Explorer,,0.0,0.3909,0.3585,0.4939,0.7336,0.3155,0.8402,0.4249,0.2956,0.3816,9.2496,low,0.6879,0.4486,0.6457,0.4242,0.397,regular,synthetic_product_v1,synthetic_user_v1,42,2026-01-01T00:07:34Z
synthetic-user-v1-000456,Eclectic Browser,,0.0,0.4805,0.2958,0.9399,0.7051,0.7278,0.668,0.4792,0.7899,0.5438,15.5021,high,0.3274,0.6407,0.9046,0.5462,0.7134,regular,synthetic_product_v1,synthetic_user_v1,42,2026-01-01T00:07:35Z
synthetic-user-v1-000457,Fantasy Lover,,0.0,0.4599,0.705,0.8725,0.6859,0.3525,0.4404,0.7618,0.4022,0.599,10.9513,low,0.1216,0.7879,0.6451,0.7588,0.5206,regular,synthetic_product_v1,synthetic_user_v1,42,2026-01-01T00:07:36Z
synthetic-user-v1-000458,Eclectic Browser,,0.0,0.6753,0.333,0.8527,0.457,0.5683,0.6307,0.6546,0.3294,0.2984,15.6256,high,0.6764,0.4637,0.7922,0.4964,0.8964,heavy,synthetic_product_v1,synthetic_user_v1,42,2026-01-01T00:07:37Z
synthetic-user-v1-000459,Power Seeker,,0.0,0.1366,1.0,0.6006,0.3512,0.6502,0.5205,0.4781,0.1297,0.7214,17.7858,high,0.1189,0.8095,0.143,0.6486,0.5951,regular,synthetic_product_v1,synthetic_user_v1,42,2026-01-01T00:07:38Z
synthetic-user-v1-000460,Thrill Seeker,,0.0,0.8591,0.1331,0.6683,0.1649,0.2617,0.6819,0.6662,0.6158,0.9641,11.3954,medium,0.1239,0.5109,0.9684,0.8837,0.6825,regular,synthetic_product_v1,synthetic_user_v1,42,2026-01-01T00:07:39Z
synthetic-user-v1-000461,Tech Futurist,,0.0,0.585,0.6446,0.7513,0.2827,0.9655,0.3951,0.496,0.4494,0.872,12.3698,medium,0.5484,0.9778,0.5097,0.4634,0.6206,regular,synthetic_product_v1,synthetic_user_v1,42,2026-01-01T00:07:40Z
synthetic-user-v1-000462,Curious Generalist,Luxury Collector,0.339,0.6294,0.1824,0.5401,0.4281,0.6658,0.5109,0.5706,0.4961,0.4605,15.4606,high,0.7869,0.1573,0.5694,0.3965,0.6906,regular,synthetic_product_v1,synthetic_user_v1,42,2026-01-01T00:07:41Z
synthetic-user-v1-000463,Tech Futurist,,0.0,0.6344,0.7413,0.8596,0.4053,0.615,0.5341,0.346,0.5092,0.6356,16.1567,high,0.2687,0.8741,0.7654,0.8389,0.5438,regular,synthetic_product_v1,synthetic_user_v1,42,2026-01-01T00:07:42Z
synthetic-user-v1-000464,Curious Generalist,Fantasy Lover,0.3127,0.5084,0.4247,0.4979,0.6602,0.7216,0.3627,0.8802,0.1311,0.8682,14.5374,medium,0.2672,0.4963,0.5359,0.5788,0.6928,regular,synthetic_product_v1,synthetic_user_v1,42,2026-01-01T00:07:43Z
synthetic-user-v1-000465,Space Enthusiast,Fantasy Lover,0.3556,0.6913,0.7876,0.7092,0.4874,0.6623,0.4356,0.8018,0.5846,0.7552,23.0693,ultra_high,0.2415,0.6082,0.5444,0.2983,0.7402,regular,synthetic_product_v1,synthetic_user_v1,42,2026-01-01T00:07:44Z
synthetic-user-v1-000466,Tech Futurist,Nature Explorer,0.3215,0.6431,0.5937,0.649,0.5419,0.6279,0.3383,0.5853,0.6245,0.5556,8.1621,low,0.3918,0.6236,0.8557,0.5443,0.4237,regular,synthetic_product_v1,synthetic_user_v1,42,2026-01-01T00:07:45Z
synthetic-user-v1-000467,Eclectic Browser,History Collector,0.2285,0.4193,0.4892,0.858,0.4594,0.3196,0.756,0.4771,0.3293,0.3994,15.8455,high,0.6297,0.3781,1.0,0.2642,0.5369,regular,synthetic_product_v1,synthetic_user_v1,42,2026-01-01T00:07:46Z
synthetic-user-v1-000468,Fantasy Lover,,0.0,0.5171,0.5902,0.9453,0.5968,0.421,0.3999,0.5635,0.2776,0.6321,12.0832,medium,0.3789,0.4855,0.5674,1.0,0.6097,regular,synthetic_product_v1,synthetic_user_v1,42,2026-01-01T00:07:47Z
synthetic-user-v1-000469,Eclectic Browser,,0.0,0.9687,0.5262,0.5356,0.1469,0.6829,0.712,0.5047,0.3292,0.4891,14.6869,medium,0.4708,0.4907,0.801,0.3597,0.7765,regular,synthetic_product_v1,synthetic_user_v1,42,2026-01-01T00:07:48Z
synthetic-user-v1-000470,Space Enthusiast,,0.0,0.5898,0.7952,0.7115,0.9089,0.3712,0.7285,0.2676,1.0,0.6259,23.8905,ultra_high,0.4554,0.1919,0.6983,0.6203,0.9321,heavy,synthetic_product_v1,synthetic_user_v1,42,2026-01-01T00:07:49Z
synthetic-user-v1-000471,Thrill Seeker,Nature Explorer,0.3905,0.5717,0.4773,0.6383,0.4385,0.5059,0.6592,0.1207,0.3019,0.752,13.2068,medium,0.4066,0.4424,0.5072,0.8546,0.6663,regular,synthetic_product_v1,synthetic_user_v1,42,2026-01-01T00:07:50Z
synthetic-user-v1-000472,Eclectic Browser,,0.0,0.7136,0.3137,0.466,0.654,0.5994,0.4332,0.4751,0.4136,0.7442,13.6716,medium,0.8592,0.4923,0.8858,0.7523,0.8082,heavy,synthetic_product_v1,synthetic_user_v1,42,2026-01-01T00:07:51Z
synthetic-user-v1-000473,History Collector,Luxury Collector,0.2395,0.0291,0.6633,0.2349,1.0,0.6474,0.4927,0.4038,0.454,0.4595,18.5287,high,0.5123,0.3637,0.9186,0.1905,0.6139,regular,synthetic_product_v1,synthetic_user_v1,42,2026-01-01T00:07:52Z
synthetic-user-v1-000474,Tech Futurist,Power Seeker,0.2012,0.3751,0.7752,0.5599,0.4768,0.8896,0.4358,0.5547,0.4442,0.7237,9.3297,low,1.0,0.4813,0.7931,0.6874,0.2411,casual,synthetic_product_v1,synthetic_user_v1,42,2026-01-01T00:07:53Z
synthetic-user-v1-000475,Eclectic Browser,,0.0,0.5453,0.424,0.7019,0.2014,0.3518,0.7215,0.5848,0.2513,0.8428,20.5457,ultra_high,0.3649,0.4634,0.8448,0.5538,0.6848,regular,synthetic_product_v1,synthetic_user_v1,42,2026-01-01T00:07:54Z
synthetic-user-v1-000476,Fantasy Lover,,0.0,0.5021,0.365,0.8123,0.6628,0.3592,0.3466,0.9351,0.1199,0.7758,11.7491,medium,0.4317,0.6073,0.6363,0.8796,0.4152,regular,synthetic_product_v1,synthetic_user_v1,42,2026-01-01T00:07:55Z
synthetic-user-v1-000477,Power Seeker,,0.0,0.5063,0.6981,0.6552,0.4069,0.5231,0.2018,0.6682,0.7313,0.8174,17.267,high,0.4321,0.6624,0.5463,0.7429,0.7825,regular,synthetic_product_v1,synthetic_user_v1,42,2026-01-01T00:07:56Z
synthetic-user-v1-000478,Power Seeker,Curious Generalist,0.2761,0.6471,0.3499,0.5957,0.6035,0.5276,0.3995,0.5645,0.4043,0.8092,20.6969,ultra_high,0.5806,0.5805,0.4373,1.0,0.7591,regular,synthetic_product_v1,synthetic_user_v1,42,2026-01-01T00:07:57Z
synthetic-user-v1-000479,Power Seeker,Curious Generalist,0.2104,0.6306,0.4907,0.2913,0.5495,0.6262,0.5037,0.6857,0.3999,0.7843,19.7762,high,0.3206,0.7845,0.3069,0.7096,0.8772,heavy,synthetic_product_v1,synthetic_user_v1,42,2026-01-01T00:07:58Z
synthetic-user-v1-000480,Power Seeker,,0.0,0.5187,0.4683,0.6122,0.4156,0.461,0.1706,0.7725,0.6199,1.0,21.4005,ultra_high,0.5358,0.5425,0.5328,1.0,0.8142,heavy,synthetic_product_v1,synthetic_user_v1,42,2026-01-01T00:07:59Z
synthetic-user-v1-000481,Space Enthusiast,,0.0,0.6794,0.6512,0.5782,0.5946,0.7673,0.493,0.3413,0.8129,0.6525,24.0422,absurd,0.809,0.8173,0.3078,0.8694,0.5642,regular,synthetic_product_v1,synthetic_user_v1,42,2026-01-01T00:08:00Z
synthetic-user-v1-000482,Curious Generalist,,0.0,0.4471,0.4583,0.2756,0.6719,0.5888,0.7021,0.4308,0.6943,0.5696,13.982,medium,0.7856,0.6155,0.7462,0.1842,0.4607,regular,synthetic_product_v1,synthetic_user_v1,42,2026-01-01T00:08:01Z
synthetic-user-v1-000483,Thrill Seeker,,0.0,0.6756,0.566,1.0,0.0093,0.615,0.85,0.2323,0.5651,0.6466,12.8932,medium,0.3827,0.5159,1.0,1.0,0.7428,regular,synthetic_product_v1,synthetic_user_v1,42,2026-01-01T00:08:02Z
synthetic-user-v1-000484,History Collector,,0.0,0.1852,0.6288,0.3316,0.8428,0.4466,0.4474,0.1841,0.2633,0.593,16.5627,high,0.8953,0.7294,0.5083,0.2399,0.4907,regular,synthetic_product_v1,synthetic_user_v1,42,2026-01-01T00:08:03Z
synthetic-user-v1-000485,Nature Explorer,,0.0,0.3842,0.2855,0.7081,0.3028,0.4278,0.8813,0.1787,0.2558,0.7167,14.8431,medium,0.5174,0.1424,0.8548,0.349,0.3156,casual,synthetic_product_v1,synthetic_user_v1,42,2026-01-01T00:08:04Z
synthetic-user-v1-000486,Curious Generalist,,0.0,0.549,0.5804,0.5194,0.6174,0.4984,0.7255,0.4747,0.7552,0.5031,14.7712,medium,0.545,0.3735,0.4634,0.1475,0.4662,regular,synthetic_product_v1,synthetic_user_v1,42,2026-01-01T00:08:05Z
synthetic-user-v1-000487,Tech Futurist,,0.0,0.2001,0.4874,0.7732,0.4745,0.6169,0.1574,0.4017,0.3769,0.6695,17.7975,high,0.791,0.7048,0.7033,0.6881,0.3567,regular,synthetic_product_v1,synthetic_user_v1,42,2026-01-01T00:08:06Z
synthetic-user-v1-000488,Thrill Seeker,Power Seeker,0.3887,1.0,0.5529,0.8191,0.2593,0.8166,0.6427,0.2604,0.4372,0.8829,8.5417,low,0.1619,0.3156,0.7243,0.7127,0.7885,regular,synthetic_product_v1,synthetic_user_v1,42,2026-01-01T00:08:07Z
synthetic-user-v1-000489,Luxury Collector,,0.0,0.3931,0.8754,0.5224,0.6515,0.7804,0.4456,0.5581,0.346,0.6359,14.151,medium,0.4633,0.7265,0.3161,0.4047,0.6956,regular,synthetic_product_v1,synthetic_user_v1,42,2026-01-01T00:08:08Z
synthetic-user-v1-000490,History Collector,,0.0,0.1868,0.7206,0.4661,1.0,0.5473,0.7294,0.1959,0.1755,0.7209,16.6461,high,0.6339,0.6541,0.4338,0.318,0.6653,regular,synthetic_product_v1,synthetic_user_v1,42,2026-01-01T00:08:09Z
synthetic-user-v1-000491,Fantasy Lover,,0.0,0.8168,0.7605,0.7132,0.484,0.3684,0.4732,0.7577,0.4185,0.5971,18.5904,high,0.1847,0.4351,0.2818,0.0,0.4202,regular,synthetic_product_v1,synthetic_user_v1,42,2026-01-01T00:08:10Z
synthetic-user-v1-000492,Tech Futurist,Nature Explorer,0.2715,0.4997,0.4657,0.6613,0.7039,0.5433,0.6301,0.2399,0.5234,0.779,9.3325,low,0.6554,0.8263,0.5343,0.8797,0.4609,regular,synthetic_product_v1,synthetic_user_v1,42,2026-01-01T00:08:11Z
synthetic-user-v1-000493,Eclectic Browser,,0.0,0.863,0.7165,0.5042,0.1638,0.6539,0.3359,0.6094,0.5549,0.6529,14.3054,medium,0.3214,0.2576,1.0,0.6305,0.5718,regular,synthetic_product_v1,synthetic_user_v1,42,2026-01-01T00:08:12Z
synthetic-user-v1-000494,Space Enthusiast,Power Seeker,0.3919,0.3886,0.5711,0.7572,0.5205,0.6136,0.3634,0.5212,0.477,0.8109,15.9315,high,0.2487,0.8605,0.5433,0.3263,0.7346,regular,synthetic_product_v1,synthetic_user_v1,42,2026-01-01T00:08:13Z
synthetic-user-v1-000495,Eclectic Browser,,0.0,0.3824,0.5036,0.4092,0.4198,0.402,0.7099,0.4147,0.6491,0.4776,10.3277,low,0.3269,1.0,0.8304,0.8342,0.6217,regular,synthetic_product_v1,synthetic_user_v1,42,2026-01-01T00:08:14Z
synthetic-user-v1-000496,Nature Explorer,,0.0,0.482,0.4293,0.5933,0.2982,0.5323,1.0,0.0803,0.3253,0.5858,17.3452,high,0.7309,0.2802,0.7487,0.3201,0.2069,casual,synthetic_product_v1,synthetic_user_v1,42,2026-01-01T00:08:15Z
synthetic-user-v1-000497,History Collector,Space Enthusiast,0.2755,0.8215,0.7152,0.4029,0.9218,0.3955,0.4465,0.5407,0.1349,0.7081,17.0392,high,0.6962,0.1307,0.241,0.3848,0.5034,regular,synthetic_product_v1,synthetic_user_v1,42,2026-01-01T00:08:16Z
synthetic-user-v1-000498,Tech Futurist,,0.0,0.562,0.5771,0.5022,0.2996,1.0,0.1545,0.638,0.4256,0.5162,16.4517,high,0.8005,0.6702,0.6134,0.5294,0.9284,heavy,synthetic_product_v1,synthetic_user_v1,42,2026-01-01T00:08:17Z
synthetic-user-v1-000499,Curious Generalist,,0.0,0.3606,0.2343,0.3363,0.4196,0.685,0.4381,0.4676,0.3175,0.7778,21.224,ultra_high,0.4793,0.6378,0.7579,0.3769,0.0574,casual,synthetic_product_v1,synthetic_user_v1,42,2026-01-01T00:08:18Z
synthetic-user-v1-000500,History Collector,Thrill Seeker,0.321,0.4608,0.8139,0.7052,0.4699,0.4179,0.409,0.4872,0.4301,0.6661,14.385,medium,0.8029,0.5342,0.4093,0.1321,0.5054,regular,synthetic_product_v1,synthetic_user_v1,42,2026-01-01T00:08:19Z
synthetic-user-v1-000501,Thrill Seeker,Space Enthusiast,0.3083,0.9538,0.5492,0.7395,0.201,0.3192,0.5102,0.5363,0.5536,0.9018,10.9346,low,0.1491,0.61,0.7843,0.8445,0.4071,regular,synthetic_product_v1,synthetic_user_v1,42,2026-01-01T00:08:20Z
synthetic-user-v1-000502,Nature Explorer,,0.0,0.4527,0.3474,0.7779,0.5707,0.5313,0.8143,0.0,0.3288,0.4308,8.3794,low,0.8878,0.5437,0.8605,0.5954,0.7529,regular,synthetic_product_v1,synthetic_user_v1,42,2026-01-01T00:08:21Z
synthetic-user-v1-000503,Nature Explorer,,0.0,0.1921,0.2185,0.5971,0.5688,0.0,0.9565,0.5122,0.4909,0.7171,8.8834,low,0.3419,0.5958,1.0,0.0586,0.4156,regular,synthetic_product_v1,synthetic_user_v1,42,2026-01-01T00:08:22Z
synthetic-user-v1-000504,Curious Generalist,,0.0,0.4736,0.6624,0.5579,0.5521,0.378,0.3287,0.7523,0.1746,0.6816,14.9496,medium,0.6167,0.7889,0.7622,0.5322,0.3738,regular,synthetic_product_v1,synthetic_user_v1,42,2026-01-01T00:08:23Z
synthetic-user-v1-000505,Space Enthusiast,,0.0,0.2109,0.5645,0.9221,0.6326,0.2567,0.3769,0.3634,0.793,0.6953,21.9512,ultra_high,0.3746,0.5478,0.788,0.5564,0.6678,regular,synthetic_product_v1,synthetic_user_v1,42,2026-01-01T00:08:24Z
synthetic-user-v1-000506,Curious Generalist,,0.0,0.5535,0.521,0.8009,0.5076,0.8471,0.4784,0.4387,0.6277,0.6858,20.2554,ultra_high,0.2455,0.757,0.7521,0.4277,0.6377,regular,synthetic_product_v1,synthetic_user_v1,42,2026-01-01T00:08:25Z
synthetic-user-v1-000507,Fantasy Lover,,0.0,0.7713,0.2336,0.5501,0.6527,0.2251,0.3553,1.0,0.1492,0.513,9.0369,low,0.3078,0.5298,0.6395,0.67,0.5224,regular,synthetic_product_v1,synthetic_user_v1,42,2026-01-01T00:08:26Z
synthetic-user-v1-000508,Curious Generalist,Power Seeker,0.3708,0.4573,0.6183,0.9485,0.4331,0.4016,0.2951,0.5638,0.4972,0.5961,15.1095,high,0.7349,0.5045,0.5035,0.5627,0.6281,regular,synthetic_product_v1,synthetic_user_v1,42,2026-01-01T00:08:27Z
synthetic-user-v1-000509,History Collector,Fantasy Lover,0.3993,0.1997,0.6535,0.4721,0.7395,0.4344,0.4663,0.3509,0.3149,0.5847,17.1844,high,0.5497,0.5871,0.3137,0.105,0.2982,casual,synthetic_product_v1,synthetic_user_v1,42,2026-01-01T00:08:28Z
synthetic-user-v1-000510,History Collector,Curious Generalist,0.3905,0.5039,0.5701,0.443,0.6954,0.36,0.6596,0.4995,0.2582,0.7871,19.0266,high,0.5888,0.3079,0.4184,0.233,0.2812,casual,synthetic_product_v1,synthetic_user_v1,42,2026-01-01T00:08:29Z
synthetic-user-v1-000511,Power Seeker,,0.0,0.5237,0.8441,0.7159,0.6074,0.3912,0.5085,0.5145,0.3522,0.8308,15.8481,high,0.1234,0.9941,0.4496,0.654,0.5873,regular,synthetic_product_v1,synthetic_user_v1,42,2026-01-01T00:08:30Z
synthetic-user-v1-000512,Space Enthusiast,,0.0,0.4631,0.4547,0.6254,0.757,0.6276,0.4882,0.0889,0.8229,0.6635,18.8621,high,0.4814,0.5134,0.8006,0.4117,0.5961,regular,synthetic_product_v1,synthetic_user_v1,42,2026-01-01T00:08:31Z
synthetic-user-v1-000513,Space Enthusiast,,0.0,0.6751,0.564,0.7611,0.308,0.2586,0.6323,0.442,0.9246,0.7456,20.0885,ultra_high,0.3873,0.4604,0.7358,0.9604,0.466,regular,synthetic_product_v1,synthetic_user_v1,42,2026-01-01T00:08:32Z
synthetic-user-v1-000514,Tech Futurist,,0.0,0.354,0.8722,0.7765,0.6891,0.9046,0.0,0.3958,0.3975,0.4201,10.0334,low,0.3477,0.7902,0.3369,0.4806,0.6705,regular,synthetic_product_v1,synthetic_user_v1,42,2026-01-01T00:08:33Z
synthetic-user-v1-000515,Eclectic Browser,History Collector,0.2918,0.3798,0.6977,0.7368,0.7428,0.4445,0.7788,0.4396,0.2541,0.4523,8.2453,low,0.4116,0.7723,0.9994,0.6108,0.7283,regular,synthetic_product_v1,synthetic_user_v1,42,2026-01-01T00:08:34Z
synthetic-user-v1-000516,Eclectic Browser,,0.0,0.5955,0.7118,0.8615,0.337,0.4191,0.4435,0.4592,0.6317,0.347,16.2347,high,0.5004,0.2553,1.0,0.8396,0.5603,regular,synthetic_product_v1,synthetic_user_v1,42,2026-01-01T00:08:35Z
synthetic-user-v1-000517,Tech Futurist,,0.0,0.312,0.8094,0.4094,0.4285,0.698,0.0786,0.0993,0.7008,0.6783,9.502,low,0.7669,0.4729,1.0,0.7819,0.5909,regular,synthetic_product_v1,synthetic_user_v1,42,2026-01-01T00:08:36Z
synthetic-user-v1-000518,Curious Generalist,Power Seeker,0.2065,0.406,0.8276,0.6706,0.6162,0.3633,0.4996,0.3786,0.5717,0.7932,11.042,medium,0.3459,0.7072,0.6241,0.5204,0.6476,regular,synthetic_product_v1,synthetic_user_v1,42,2026-01-01T00:08:37Z
synthetic-user-v1-000519,History Collector,,0.0,0.0381,0.8432,0.3206,1.0,0.2251,0.5801,0.4431,0.3373,0.5293,14.9898,medium,0.8287,0.1925,0.5715,0.6401,0.6138,regular,synthetic_product_v1,synthetic_user_v1,42,2026-01-01T00:08:38Z
synthetic-user-v1-000520,Curious Generalist,Fantasy Lover,0.2408,0.3596,0.6802,0.739,0.3624,0.3236,0.7362,0.6403,0.4984,0.5427,10.8477,low,0.6925,0.6948,0.5551,0.3415,0.7496,regular,synthetic_product_v1,synthetic_user_v1,42,2026-01-01T00:08:39Z
synthetic-user-v1-000521,Luxury Collector,History Collector,0.2594,0.2185,0.7942,0.6171,0.3966,0.4737,0.2079,0.3956,0.7132,0.443,13.4283,medium,0.5175,0.4856,0.4015,0.4674,0.3961,regular,synthetic_product_v1,synthetic_user_v1,42,2026-01-01T00:08:40Z
synthetic-user-v1-000522,Power Seeker,,0.0,0.7512,0.776,0.7428,0.2832,0.7836,0.2761,0.6678,0.502,0.8886,19.6563,high,0.2293,0.5188,0.2769,1.0,0.6318,regular,synthetic_product_v1,synthetic_user_v1,42,2026-01-01T00:08:41Z
synthetic-user-v1-000523,Thrill Seeker,,0.0,0.8798,0.4407,0.8297,0.5066,0.4483,0.5949,0.9438,0.3032,0.5304,11.9177,medium,0.2479,0.4385,0.3292,0.8372,0.5988,regular,synthetic_product_v1,synthetic_user_v1,42,2026-01-01T00:08:42Z
synthetic-user-v1-000524,History Collector,Thrill Seeker,0.3522,0.5893,0.6205,0.7465,0.7142,0.366,0.5853,0.4522,0.2594,0.5427,16.2037,high,0.9097,0.5843,0.2633,0.1269,0.5587,regular,synthetic_product_v1,synthetic_user_v1,42,2026-01-01T00:08:43Z
synthetic-user-v1-000525,Space Enthusiast,,0.0,0.1438,0.7113,0.8272,0.3231,0.7596,0.7931,0.2668,0.4596,0.8067,23.7083,ultra_high,0.3602,0.6589,0.897,0.2513,0.4777,regular,synthetic_product_v1,synthetic_user_v1,42,2026-01-01T00:08:44Z
synthetic-user-v1-000526,Eclectic Browser,,0.0,0.6506,0.481,0.8389,0.6027,0.6584,0.6164,0.7419,0.7871,0.3929,9.0194,low,0.6001,0.4442,0.6133,0.7261,0.7781,regular,synthetic_product_v1,synthetic_user_v1,42,2026-01-01T00:08:45Z
synthetic-user-v1-000527,Thrill Seeker,,0.0,1.0,0.3596,0.6766,0.3671,0.5414,0.462,0.487,0.4904,0.7835,14.3232,medium,0.4105,0.7343,0.7566,0.7913,0.7958,regular,synthetic_product_v1,synthetic_user_v1,42,2026-01-01T00:08:46Z
synthetic-user-v1-000528,History Collector,,0.0,0.2714,0.6294,0.6249,0.9995,0.3928,0.5264,0.4889,0.0044,0.4551,21.6379,ultra_high,0.5423,0.223,0.2147,0.0693,0.3318,casual,synthetic_product_v1,synthetic_user_v1,42,2026-01-01T00:08:47Z
synthetic-user-v1-000529,Eclectic Browser,,0.0,0.6212,0.402,0.8777,0.5373,0.6827,0.6071,0.7286,0.6697,0.398,12.6124,medium,0.4993,0.7928,0.8552,0.5628,0.6632,regular,synthetic_product_v1,synthetic_user_v1,42,2026-01-01T00:08:48Z
synthetic-user-v1-000530,Luxury Collector,,0.0,0.3129,1.0,0.8863,0.7923,0.5255,0.277,0.455,0.5593,0.6384,17.9942,high,0.5077,0.8692,0.2984,0.4072,0.3066,casual,synthetic_product_v1,synthetic_user_v1,42,2026-01-01T00:08:49Z
synthetic-user-v1-000531,Luxury Collector,,0.0,0.2704,0.8719,0.4421,1.0,0.2511,0.4296,0.7405,0.2158,0.6889,15.9671,high,0.9103,1.0,0.7775,0.5468,0.5247,regular,synthetic_product_v1,synthetic_user_v1,42,2026-01-01T00:08:50Z
synthetic-user-v1-000532,Nature Explorer,Eclectic Browser,0.2382,0.2921,0.5341,0.5506,0.8761,0.0697,1.0,0.2419,0.3806,0.7967,18.0819,high,0.7613,0.4231,0.4699,0.1419,0.8699,heavy,synthetic_product_v1,synthetic_user_v1,42,2026-01-01T00:08:51Z
synthetic-user-v1-000533,Fantasy Lover,Space Enthusiast,0.385,0.4607,0.5195,0.6818,0.5236,0.2001,0.2567,0.8502,0.3888,0.546,8.8265,low,0.6662,0.3742,0.6691,0.6026,0.5422,regular,synthetic_product_v1,synthetic_user_v1,42,2026-01-01T00:08:52Z
synthetic-user-v1-000534,Fantasy Lover,Tech Futurist,0.3423,0.3442,0.3835,0.9728,0.4466,0.7587,0.4916,0.5151,0.5378,0.7513,13.0442,medium,0.2664,0.5553,0.4963,0.5842,0.7908,regular,synthetic_product_v1,synthetic_user_v1,42,2026-01-01T00:08:53Z
synthetic-user-v1-000535,Curious Generalist,,0.0,0.514,0.3383,0.4709,0.8745,0.4598,0.3044,0.5536,0.4182,0.7841,19.3774,high,0.6873,0.4619,0.5867,0.4189,0.4013,regular,synthetic_product_v1,synthetic_user_v1,42,2026-01-01T00:08:54Z
synthetic-user-v1-000536,Luxury Collector,,0.0,0.3554,0.7166,0.2175,0.5343,0.4454,0.3461,0.4985,0.4025,0.6387,14.2079,medium,0.3288,0.7529,0.286,0.4205,0.5045,regular,synthetic_product_v1,synthetic_user_v1,42,2026-01-01T00:08:55Z
synthetic-user-v1-000537,Nature Explorer,,0.0,0.3926,0.4675,0.4845,0.5825,0.1933,1.0,0.2653,0.3871,0.2285,17.1311,high,0.7256,0.4143,0.8495,0.1912,0.6303,regular,synthetic_product_v1,synthetic_user_v1,42,2026-01-01T00:08:56Z
synthetic-user-v1-000538,Space Enthusiast,Curious Generalist,0.3293,0.3791,0.6591,0.6583,0.4669,0.628,0.5039,0.4614,0.8272,0.6348,17.0355,high,0.3517,0.6323,0.5827,0.0406,0.3743,regular,synthetic_product_v1,synthetic_user_v1,42,2026-01-01T00:08:57Z
synthetic-user-v1-000539,Nature Explorer,History Collector,0.2342,0.5068,0.6684,0.5605,0.4469,0.3964,0.793,0.5055,0.202,0.4903,7.2,low,0.5026,0.3046,0.6212,0.2712,0.5482,regular,synthetic_product_v1,synthetic_user_v1,42,2026-01-01T00:08:58Z
synthetic-user-v1-000540,Luxury Collector,,0.0,0.4734,0.7849,0.4339,1.0,0.5365,0.4919,0.4135,0.3814,0.5977,14.4648,medium,0.9461,0.7223,0.2861,0.3504,0.6334,regular,synthetic_product_v1,synthetic_user_v1,42,2026-01-01T00:08:59Z
synthetic-user-v1-000541,Space Enthusiast,Nature Explorer,0.3671,0.3897,0.4786,0.7263,0.4733,0.4326,0.8855,0.0824,0.7493,0.6738,20.3517,ultra_high,0.4353,0.7473,0.6343,0.3456,0.3993,regular,synthetic_product_v1,synthetic_user_v1,42,2026-01-01T00:09:00Z
synthetic-user-v1-000542,Curious Generalist,,0.0,0.1734,0.7448,0.35,0.4555,0.4757,0.4286,0.2725,0.92,0.5976,17.2261,high,0.6904,0.7142,0.6805,0.8085,0.3426,casual,synthetic_product_v1,synthetic_user_v1,42,2026-01-01T00:09:01Z
synthetic-user-v1-000543,Curious Generalist,,0.0,0.3323,0.7342,0.7576,0.8937,0.2529,0.2123,0.6828,0.3118,0.6809,12.561,medium,0.4898,0.5239,0.9401,0.6319,0.7627,regular,synthetic_product_v1,synthetic_user_v1,42,2026-01-01T00:09:02Z
synthetic-user-v1-000544,History Collector,,0.0,0.2769,0.8176,0.5148,1.0,0.3895,0.3782,0.5635,0.0789,0.6216,21.713,ultra_high,0.54,0.8917,0.1062,0.3121,0.3766,regular,synthetic_product_v1,synthetic_user_v1,42,2026-01-01T00:09:03Z
synthetic-user-v1-000545,Eclectic Browser,,0.0,0.8248,0.838,0.5316,0.3141,0.5164,0.6945,0.6087,0.523,0.6962,15.6228,high,0.4253,0.4144,0.9993,0.5762,0.6104,regular,synthetic_product_v1,synthetic_user_v1,42,2026-01-01T00:09:04Z
synthetic-user-v1-000546,Nature Explorer,Fantasy Lover,0.3757,0.489,0.4892,0.4733,0.6783,0.2534,0.9269,0.4416,0.5011,0.7707,7.2,low,0.5977,0.3945,0.8442,0.3181,0.7568,regular,synthetic_product_v1,synthetic_user_v1,42,2026-01-01T00:09:05Z
synthetic-user-v1-000547,Curious Generalist,,0.0,0.378,0.6358,0.8988,0.3284,0.7092,0.4263,0.5893,0.6317,0.7456,10.6905,low,0.7991,0.55,0.8568,0.5332,0.7473,regular,synthetic_product_v1,synthetic_user_v1,42,2026-01-01T00:09:06Z
synthetic-user-v1-000548,Eclectic Browser,Luxury Collector,0.3092,0.6293,0.3819,0.8926,0.4365,0.569,0.3941,0.6124,0.7293,0.4849,11.893,medium,0.2886,0.5686,1.0,0.6243,0.6975,regular,synthetic_product_v1,synthetic_user_v1,42,2026-01-01T00:09:07Z
synthetic-user-v1-000549,Fantasy Lover,,0.0,0.3138,0.6881,0.6183,0.3901,0.3589,0.5515,1.0,0.4636,0.5578,10.9989,low,0.2604,0.5039,0.6713,0.7141,0.536,regular,synthetic_product_v1,synthetic_user_v1,42,2026-01-01T00:09:08Z
synthetic-user-v1-000550,Thrill Seeker,,0.0,0.5648,0.4706,0.758,0.4315,0.2768,0.5837,0.5027,0.3338,0.9274,10.9802,low,0.263,0.1908,0.736,0.7541,0.7556,regular,synthetic_product_v1,synthetic_user_v1,42,2026-01-01T00:09:09Z
synthetic-user-v1-000551,Nature Explorer,Space Enthusiast,0.3124,0.5573,0.4185,0.8319,0.3087,0.5255,0.9473,0.2432,0.1406,0.6016,8.5593,low,0.6775,0.5621,1.0,0.2304,0.6105,regular,synthetic_product_v1,synthetic_user_v1,42,2026-01-01T00:09:10Z
synthetic-user-v1-000552,History Collector,Curious Generalist,0.3665,0.409,0.5742,0.5754,0.8655,0.5189,0.8057,0.3955,0.4377,0.3776,18.4751,high,0.827,0.2371,0.1468,0.4273,0.1949,casual,synthetic_product_v1,synthetic_user_v1,42,2026-01-01T00:09:11Z
synthetic-user-v1-000553,History Collector,Tech Futurist,0.2342,0.3929,0.4556,0.4429,0.7757,0.2637,0.1017,0.1474,0.3044,0.3792,19.431,high,0.7832,0.3918,0.3995,0.0615,0.586,regular,synthetic_product_v1,synthetic_user_v1,42,2026-01-01T00:09:12Z
synthetic-user-v1-000554,Power Seeker,Tech Futurist,0.2068,0.6856,0.4746,0.473,0.1246,0.7357,0.3416,0.5883,0.5772,0.7111,20.2584,ultra_high,0.0,0.6786,0.5248,1.0,0.6561,regular,synthetic_product_v1,synthetic_user_v1,42,2026-01-01T00:09:13Z
synthetic-user-v1-000555,Eclectic Browser,,0.0,0.4812,0.4919,0.8357,0.6703,0.3963,0.5014,0.6555,0.4818,0.6211,10.7084,low,0.427,0.5902,0.6448,0.8454,0.72,regular,synthetic_product_v1,synthetic_user_v1,42,2026-01-01T00:09:14Z
synthetic-user-v1-000556,Curious Generalist,Thrill Seeker,0.3551,0.5805,0.4078,0.6492,0.27,0.8621,0.4337,0.6661,0.4046,0.6421,15.5565,high,0.624,0.5986,0.8575,0.3886,0.4651,regular,synthetic_product_v1,synthetic_user_v1,42,2026-01-01T00:09:15Z
synthetic-user-v1-000557,Space Enthusiast,,0.0,0.7889,0.5259,0.7072,0.2631,0.74,0.4417,0.5596,0.692,0.5288,21.0269,ultra_high,0.3594,0.62,0.5625,0.4729,0.5023,regular,synthetic_product_v1,synthetic_user_v1,42,2026-01-01T00:09:16Z
synthetic-user-v1-000558,Power Seeker,,0.0,0.4522,0.7449,0.5749,0.4307,0.4022,0.6284,0.5354,0.4779,0.996,16.2245,high,0.3341,0.7821,0.5578,0.3851,0.7065,regular,synthetic_product_v1,synthetic_user_v1,42,2026-01-01T00:09:17Z
synthetic-user-v1-000559,Curious Generalist,Eclectic Browser,0.3258,0.4733,0.4261,0.7707,0.1923,0.4289,0.6696,0.4801,0.485,0.6521,18.9589,high,0.4055,0.2099,0.6782,0.2752,0.7688,regular,synthetic_product_v1,synthetic_user_v1,42,2026-01-01T00:09:18Z
synthetic-user-v1-000560,Space Enthusiast,,0.0,0.4224,0.4095,0.5813,0.4186,0.7055,0.3604,0.4184,0.9183,0.6078,21.0102,ultra_high,0.5215,0.668,0.4903,0.3433,0.4216,regular,synthetic_product_v1,synthetic_user_v1,42,2026-01-01T00:09:19Z
synthetic-user-v1-000561,Nature Explorer,Tech Futurist,0.3845,0.4655,0.7063,0.965,0.5642,0.5686,0.6445,0.0595,0.2532,0.7252,11.0324,medium,0.6484,0.3217,0.6374,0.0,0.5404,regular,synthetic_product_v1,synthetic_user_v1,42,2026-01-01T00:09:20Z
synthetic-user-v1-000562,Thrill Seeker,Curious Generalist,0.2065,0.8584,0.3485,0.766,0.404,0.452,0.685,0.7371,0.2715,0.9429,12.4171,medium,0.0,0.4732,0.5126,0.7128,0.6662,regular,synthetic_product_v1,synthetic_user_v1,42,2026-01-01T00:09:21Z
synthetic-user-v1-000563,Curious Generalist,,0.0,0.5521,0.3921,0.7699,0.5914,0.4952,0.1625,0.6489,0.3614,0.7162,17.9947,high,0.6854,0.5759,0.8351,0.1346,0.7174,regular,synthetic_product_v1,synthetic_user_v1,42,2026-01-01T00:09:22Z
synthetic-user-v1-000564,Power Seeker,,0.0,0.7092,0.6716,1.0,0.7554,0.596,0.4927,0.7566,0.2637,1.0,21.9196,ultra_high,0.1597,0.7941,0.6276,0.9402,0.6734,regular,synthetic_product_v1,synthetic_user_v1,42,2026-01-01T00:09:23Z
synthetic-user-v1-000565,Power Seeker,,0.0,0.7299,0.6732,0.3814,0.2501,0.4625,0.5377,0.6527,0.3819,0.899,18.733,high,0.465,0.7592,0.2214,1.0,0.3929,regular,synthetic_product_v1,synthetic_user_v1,42,2026-01-01T00:09:24Z
synthetic-user-v1-000566,Thrill Seeker,,0.0,0.9517,0.42,0.7948,0.4811,0.5399,0.5917,0.576,0.1108,0.5481,13.0813,medium,0.0572,0.6178,0.7003,0.7536,0.6989,regular,synthetic_product_v1,synthetic_user_v1,42,2026-01-01T00:09:25Z
synthetic-user-v1-000567,Nature Explorer,,0.0,0.5285,0.6205,0.7526,0.1652,0.3894,0.7457,0.2502,0.4947,0.1941,10.5802,low,1.0,0.2558,0.9241,0.5262,0.6039,regular,synthetic_product_v1,synthetic_user_v1,42,2026-01-01T00:09:26Z
synthetic-user-v1-000568,Eclectic Browser,,0.0,0.67,0.6758,0.6436,0.7908,0.7269,0.6755,0.437,0.4813,0.7611,18.4561,high,0.4721,0.4327,0.8381,0.7945,0.8616,heavy,synthetic_product_v1,synthetic_user_v1,42,2026-01-01T00:09:27Z
synthetic-user-v1-000569,Space Enthusiast,,0.0,0.5318,0.5503,0.7856,0.2712,0.545,0.4288,0.4048,0.8478,0.6762,18.162,high,0.442,0.4595,0.6642,0.2367,0.7455,regular,synthetic_product_v1,synthetic_user_v1,42,2026-01-01T00:09:28Z
synthetic-user-v1-000570,Eclectic Browser,,0.0,0.7416,0.4785,0.6659,0.5107,0.1848,0.7965,0.4564,0.3952,0.8273,14.6052,medium,0.4693,0.5215,0.782,0.3044,0.9602,heavy,synthetic_product_v1,synthetic_user_v1,42,2026-01-01T00:09:29Z
synthetic-user-v1-000571,Space Enthusiast,,0.0,0.5748,0.2001,0.7244,0.0896,0.287,0.3702,0.47,0.8058,0.7776,20.2877,ultra_high,0.5595,0.5967,0.4813,0.6675,0.3153,casual,synthetic_product_v1,synthetic_user_v1,42,2026-01-01T00:09:30Z
synthetic-user-v1-000572,Eclectic Browser,,0.0,0.5357,0.5258,1.0,0.4335,0.7979,0.4804,1.0,0.5679,0.4372,14.2407,medium,0.4372,0.6208,0.8192,0.871,0.6382,regular,synthetic_product_v1,synthetic_user_v1,42,2026-01-01T00:09:31Z
synthetic-user-v1-000573,Thrill Seeker,,0.0,1.0,0.4306,0.5782,0.0623,0.5797,0.4783,0.4612,0.3823,0.8968,12.1516,medium,0.0955,0.261,0.8687,1.0,0.5512,regular,synthetic_product_v1,synthetic_user_v1,42,2026-01-01T00:09:32Z
synthetic-user-v1-000574,Power Seeker,,0.0,0.8335,0.785,0.5901,0.4659,0.8309,0.4088,0.7367,0.454,0.9781,21.5249,ultra_high,0.3301,0.9409,0.5159,0.9378,0.4597,regular,synthetic_product_v1,synthetic_user_v1,42,2026-01-01T00:09:33Z
synthetic-user-v1-000575,Curious Generalist,,0.0,0.4166,0.7152,0.6744,0.9101,0.9547,0.5081,0.8173,0.5112,0.6567,11.4653,medium,0.5885,0.7157,0.8056,0.5408,0.6765,regular,synthetic_product_v1,synthetic_user_v1,42,2026-01-01T00:09:34Z
synthetic-user-v1-000576,Curious Generalist,Fantasy Lover,0.3658,0.5602,0.5151,0.6007,0.3885,0.516,0.6838,0.6755,0.1437,0.9258,16.8237,high,0.6983,0.4969,0.8392,0.5173,0.4452,regular,synthetic_product_v1,synthetic_user_v1,42,2026-01-01T00:09:35Z
synthetic-user-v1-000577,Thrill Seeker,Space Enthusiast,0.3824,0.945,0.5086,0.8006,0.1642,0.5856,0.3871,0.2775,0.4916,0.751,17.0172,high,0.3422,0.0,1.0,0.8907,0.9837,heavy,synthetic_product_v1,synthetic_user_v1,42,2026-01-01T00:09:36Z
synthetic-user-v1-000578,Curious Generalist,,0.0,0.5304,0.5601,0.8069,0.34,0.4291,0.3037,0.638,0.5928,0.3797,17.7166,high,0.3475,0.5203,0.6288,0.8576,0.6146,regular,synthetic_product_v1,synthetic_user_v1,42,2026-01-01T00:09:37Z
synthetic-user-v1-000579,Curious Generalist,Tech Futurist,0.2657,0.6282,0.1233,0.6712,0.613,0.8552,0.4264,0.1023,0.6136,0.5115,15.1556,high,0.5219,0.4157,0.8277,0.5233,0.4833,regular,synthetic_product_v1,synthetic_user_v1,42,2026-01-01T00:09:38Z
synthetic-user-v1-000580,Space Enthusiast,History Collector,0.3851,0.7327,0.6174,0.9933,0.4638,0.3263,0.2752,0.186,0.5776,0.6357,17.5141,high,0.5522,0.7488,0.7079,0.3599,0.6861,regular,synthetic_product_v1,synthetic_user_v1,42,2026-01-01T00:09:39Z
synthetic-user-v1-000581,Thrill Seeker,Power Seeker,0.2031,0.9201,0.5467,0.3721,0.2284,0.4905,0.4963,0.6285,0.4283,0.5979,7.2,low,0.562,0.8,0.5492,0.6963,0.9435,heavy,synthetic_product_v1,synthetic_user_v1,42,2026-01-01T00:09:40Z
synthetic-user-v1-000582,Curious Generalist,,0.0,0.6287,0.5109,0.5417,0.7935,0.3144,0.344,0.3896,0.5287,0.5382,14.3016,medium,0.3651,0.6083,0.3453,0.5978,0.3819,regular,synthetic_product_v1,synthetic_user_v1,42,2026-01-01T00:09:41Z
synthetic-user-v1-000583,Power Seeker,Luxury Collector,0.34,0.5243,0.4498,0.3689,0.3627,0.4344,0.4146,0.7405,0.4301,0.7107,15.5718,high,0.4071,0.655,0.2865,0.7409,0.6019,regular,synthetic_product_v1,synthetic_user_v1,42,2026-01-01T00:09:42Z
synthetic-user-v1-000584,Space Enthusiast,,0.0,0.3849,0.7444,0.7777,0.1918,0.63,0.618,0.2927,0.6591,0.7592,21.3409,ultra_high,0.7899,0.454,0.5972,0.2393,0.5548,regular,synthetic_product_v1,synthetic_user_v1,42,2026-01-01T00:09:43Z
synthetic-user-v1-000585,Tech Futurist,Fantasy Lover,0.2199,0.478,0.6541,0.7177,0.5487,0.8549,0.2261,0.9202,0.1999,0.6567,7.2,low,0.3994,0.7021,0.9713,0.5314,0.5703,regular,synthetic_product_v1,synthetic_user_v1,42,2026-01-01T00:09:44Z
synthetic-user-v1-000586,Fantasy Lover,,0.0,0.5123,0.753,0.6703,0.4856,0.3324,0.3781,0.8382,0.4307,1.0,7.6096,low,0.0948,0.4756,0.6358,0.6626,0.4037,regular,synthetic_product_v1,synthetic_user_v1,42,2026-01-01T00:09:45Z
synthetic-user-v1-000587,Nature Explorer,,0.0,0.5573,0.2364,0.5061,0.5316,0.6125,0.5005,0.2908,0.2709,0.4606,13.4681,medium,0.315,0.2503,0.9095,0.3339,0.668,regular,synthetic_product_v1,synthetic_user_v1,42,2026-01-01T00:09:46Z
synthetic-user-v1-000588,Space Enthusiast,,0.0,0.7228,0.6024,0.473,0.2359,0.9942,0.1607,0.501,0.8983,0.4455,22.8983,ultra_high,0.4568,0.5463,0.6049,0.4311,0.3477,casual,synthetic_product_v1,synthetic_user_v1,42,2026-01-01T00:09:47Z
synthetic-user-v1-000589,History Collector,Power Seeker,0.3744,0.5082,0.7613,0.384,0.7646,0.4908,0.6431,0.5972,0.4822,0.8372,18.4126,high,0.5299,0.2385,0.4639,0.0691,0.4191,regular,synthetic_product_v1,synthetic_user_v1,42,2026-01-01T00:09:48Z
synthetic-user-v1-000590,Luxury Collector,Tech Futurist,0.3227,0.2097,0.6969,0.549,0.405,0.7659,0.696,0.3613,0.5851,0.3517,14.7836,medium,0.3845,0.5429,0.1949,0.2949,0.2882,casual,synthetic_product_v1,synthetic_user_v1,42,2026-01-01T00:09:49Z
synthetic-user-v1-000591,Nature Explorer,Tech Futurist,0.2839,0.3516,0.4761,0.5682,0.4884,0.6739,0.6516,0.2356,0.5159,0.7692,16.9706,high,0.2897,0.1291,0.5572,0.5353,0.7829,regular,synthetic_product_v1,synthetic_user_v1,42,2026-01-01T00:09:50Z
synthetic-user-v1-000592,Space Enthusiast,Power Seeker,0.2122,0.5589,0.5897,0.5796,0.3355,0.7819,0.3323,0.45,0.8787,0.5775,20.1265,ultra_high,0.4881,0.4395,0.422,0.59,0.4075,regular,synthetic_product_v1,synthetic_user_v1,42,2026-01-01T00:09:51Z
synthetic-user-v1-000593,Fantasy Lover,History Collector,0.3559,0.8128,0.8713,0.5842,0.5684,0.0,0.3129,0.8505,0.3122,0.6611,9.3479,low,0.7087,0.5727,0.6822,0.6309,0.3455,casual,synthetic_product_v1,synthetic_user_v1,42,2026-01-01T00:09:52Z
synthetic-user-v1-000594,Nature Explorer,,0.0,0.6521,0.4644,0.4835,0.4534,0.1502,0.9618,0.4315,0.1763,0.6051,12.504,medium,0.7899,0.1008,0.5106,0.3408,0.6198,regular,synthetic_product_v1,synthetic_user_v1,42,2026-01-01T00:09:53Z
synthetic-user-v1-000595,Tech Futurist,,0.0,0.606,0.6143,0.9735,0.3843,0.8541,0.2612,0.3998,0.177,0.5235,15.1079,high,0.1366,0.6565,0.5852,0.2183,0.7732,regular,synthetic_product_v1,synthetic_user_v1,42,2026-01-01T00:09:54Z
synthetic-user-v1-000596,Fantasy Lover,,0.0,0.5429,0.8215,0.7533,0.1335,0.2571,0.5359,0.9904,0.086,0.8708,15.3339,high,0.1706,0.6545,0.5958,0.7799,0.286,casual,synthetic_product_v1,synthetic_user_v1,42,2026-01-01T00:09:55Z
synthetic-user-v1-000597,Tech Futurist,Luxury Collector,0.2753,0.3334,0.7084,0.5957,0.4906,0.7091,0.5765,0.2651,0.4387,0.8923,12.792,medium,0.3932,0.5664,0.4474,0.4904,0.9112,heavy,synthetic_product_v1,synthetic_user_v1,42,2026-01-01T00:09:56Z
synthetic-user-v1-000598,Curious Generalist,,0.0,0.4831,0.3579,0.6794,0.6269,0.6073,0.6696,0.6872,0.6576,0.643,16.3817,high,0.4838,0.5083,0.3881,0.6981,0.9646,heavy,synthetic_product_v1,synthetic_user_v1,42,2026-01-01T00:09:57Z
synthetic-user-v1-000599,Curious Generalist,,0.0,0.6445,0.3013,0.794,0.5875,0.2965,0.6682,0.5321,0.4423,0.4591,10.74,low,0.4415,0.6086,0.8939,0.2452,0.6483,regular,synthetic_product_v1,synthetic_user_v1,42,2026-01-01T00:09:58Z
synthetic-user-v1-000600,Nature Explorer,,0.0,0.4733,0.3959,0.7973,0.2776,0.3017,0.8632,0.0405,0.4983,0.42,13.8835,medium,0.8393,0.3686,0.8062,0.4717,0.634,regular,synthetic_product_v1,synthetic_user_v1,42,2026-01-01T00:09:59Z
synthetic-user-v1-000601,Luxury Collector,,0.0,0.5717,1.0,0.3557,0.6068,0.3932,0.4065,0.5972,0.2617,0.6999,16.5872,high,0.5519,0.8245,0.2422,0.1556,0.7571,regular,synthetic_product_v1,synthetic_user_v1,42,2026-01-01T00:10:00Z
synthetic-user-v1-000602,Curious Generalist,,0.0,0.8017,0.5968,0.7344,0.4055,0.2554,0.6772,0.4642,0.3368,0.4296,15.1578,high,0.5371,0.0,0.7669,0.4275,0.7062,regular,synthetic_product_v1,synthetic_user_v1,42,2026-01-01T00:10:01Z
synthetic-user-v1-000603,Curious Generalist,,0.0,0.362,0.5529,0.6976,0.6829,0.5369,0.5293,0.478,0.3783,0.6873,16.348,high,0.6992,0.4945,0.6326,0.2085,0.7588,regular,synthetic_product_v1,synthetic_user_v1,42,2026-01-01T00:10:02Z
synthetic-user-v1-000604,Thrill Seeker,,0.0,0.6194,0.5243,0.7493,0.2449,0.8243,0.3887,0.5557,0.1965,0.9523,15.0268,high,0.1995,0.3659,0.6699,0.7687,0.6073,regular,synthetic_product_v1,synthetic_user_v1,42,2026-01-01T00:10:03Z
synthetic-user-v1-000605,Tech Futurist,Space Enthusiast,0.2526,0.7137,0.7462,0.5097,0.2153,0.6842,0.5915,0.2795,0.4979,0.739,7.3141,low,0.3024,0.765,0.9141,0.6173,0.5201,regular,synthetic_product_v1,synthetic_user_v1,42,2026-01-01T00:10:04Z
synthetic-user-v1-000606,Space Enthusiast,,0.0,0.4952,0.6181,0.7964,0.4798,0.5598,0.5416,0.3181,0.6882,0.5673,19.1384,high,0.3251,0.5798,0.4572,0.3782,0.4322,regular,synthetic_product_v1,synthetic_user_v1,42,2026-01-01T00:10:05Z
synthetic-user-v1-000607,Curious Generalist,,0.0,0.3635,0.5521,0.4251,0.4929,0.7484,0.3242,0.8809,0.3732,0.6665,10.4084,low,0.3442,0.2331,0.6898,0.3791,0.6735,regular,synthetic_product_v1,synthetic_user_v1,42,2026-01-01T00:10:06Z
synthetic-user-v1-000608,Luxury Collector,,0.0,0.1322,0.849,0.6095,0.4809,0.6139,0.2956,0.2536,0.4262,0.8197,23.6032,ultra_high,0.4718,0.7961,0.3396,0.3107,0.4644,regular,synthetic_product_v1,synthetic_user_v1,42,2026-01-01T00:10:07Z
synthetic-user-v1-000609,Luxury Collector,,0.0,0.3032,0.8672,0.5537,0.6661,0.3968,0.5098,0.6726,0.2766,0.7455,17.003,high,0.5676,0.6738,0.2105,0.0,0.4165,regular,synthetic_product_v1,synthetic_user_v1,42,2026-01-01T00:10:08Z
synthetic-user-v1-000610,Eclectic Browser,,0.0,0.2782,0.7393,0.4222,0.7063,0.5561,0.3891,0.611,0.7385,0.3814,15.2956,high,0.8562,0.5488,0.9879,0.8479,0.613,regular,synthetic_product_v1,synthetic_user_v1,42,2026-01-01T00:10:09Z
synthetic-user-v1-000611,Nature Explorer,,0.0,0.573,0.5028,0.6508,0.4352,0.2427,0.8364,0.4641,0.4653,0.6046,12.2948,medium,0.5871,0.5322,0.4217,0.2525,0.5651,regular,synthetic_product_v1,synthetic_user_v1,42,2026-01-01T00:10:10Z
synthetic-user-v1-000612,Eclectic Browser,,0.0,0.8099,0.1713,0.5004,0.1019,0.521,0.3196,0.7744,0.5216,0.5187,16.6081,high,0.4495,0.4053,0.6845,0.6359,0.4708,regular,synthetic_product_v1,synthetic_user_v1,42,2026-01-01T00:10:11Z
synthetic-user-v1-000613,Eclectic Browser,Thrill Seeker,0.2819,0.4589,0.2465,0.8401,0.3849,0.4631,0.5544,0.2574,0.5661,0.9373,18.5654,high,0.6835,0.5115,0.8897,0.4645,1.0,heavy,synthetic_product_v1,synthetic_user_v1,42,2026-01-01T00:10:12Z
synthetic-user-v1-000614,Luxury Collector,Space Enthusiast,0.3577,0.5891,0.7905,0.7819,0.7454,0.6699,0.4549,0.7383,0.336,0.3371,18.3225,high,0.6023,0.7641,0.3092,0.2195,0.7518,regular,synthetic_product_v1,synthetic_user_v1,42,2026-01-01T00:10:13Z
synthetic-user-v1-000615,Tech Futurist,Fantasy Lover,0.2828,0.565,0.4645,0.8812,0.8098,0.7128,0.4889,0.6582,0.5098,0.4711,16.9013,high,0.4384,0.5676,0.5384,0.7822,0.285,casual,synthetic_product_v1,synthetic_user_v1,42,2026-01-01T00:10:14Z
synthetic-user-v1-000616,Nature Explorer,History Collector,0.3988,0.3621,0.2887,0.6732,0.5848,0.1837,0.4982,0.684,0.0561,0.4359,12.0724,medium,0.6426,0.4725,0.6923,0.8306,0.8045,heavy,synthetic_product_v1,synthetic_user_v1,42,2026-01-01T00:10:15Z
synthetic-user-v1-000617,Luxury Collector,,0.0,0.1966,0.7367,0.4417,0.6289,0.2641,0.3285,0.5949,0.2979,0.7394,18.2283,high,0.4949,0.5588,0.365,0.4455,0.556,regular,synthetic_product_v1,synthetic_user_v1,42,2026-01-01T00:10:16Z
synthetic-user-v1-000618,Thrill Seeker,,0.0,0.811,0.5249,0.9118,0.3222,0.308,0.4604,0.2964,0.2914,0.5063,9.2892,low,0.2371,0.2194,0.5588,0.8422,0.7222,regular,synthetic_product_v1,synthetic_user_v1,42,2026-01-01T00:10:17Z
synthetic-user-v1-000619,Curious Generalist,Tech Futurist,0.3526,0.6475,0.4366,0.4232,0.5915,0.7986,0.4027,0.6598,0.5107,0.8702,11.5659,medium,0.4515,0.7035,1.0,0.4812,0.9704,heavy,synthetic_product_v1,synthetic_user_v1,42,2026-01-01T00:10:18Z
synthetic-user-v1-000620,Curious Generalist,,0.0,0.4156,0.941,0.5142,0.4208,0.7739,0.5864,0.3419,0.4833,0.5457,18.2313,high,0.5254,0.6199,0.6805,0.6143,0.8481,heavy,synthetic_product_v1,synthetic_user_v1,42,2026-01-01T00:10:19Z
synthetic-user-v1-000621,Nature Explorer,History Collector,0.2308,0.1815,0.355,0.6911,0.5753,0.4575,0.911,0.2315,0.3929,0.3584,13.0047,medium,0.6422,0.5045,0.6311,0.1851,0.4593,regular,synthetic_product_v1,synthetic_user_v1,42,2026-01-01T00:10:20Z
synthetic-user-v1-000622,Nature Explorer,,0.0,0.8004,0.3192,0.7355,0.3321,0.0,0.7178,0.1869,0.2138,0.6954,13.1883,medium,0.6996,0.2757,0.7359,0.5689,0.5822,regular,synthetic_product_v1,synthetic_user_v1,42,2026-01-01T00:10:21Z
synthetic-user-v1-000623,Luxury Collector,,0.0,0.5363,0.8722,0.5285,0.6383,0.5035,0.6069,0.6105,0.4172,0.7515,18.127,high,0.6582,0.6189,0.5903,0.1856,0.5139,regular,synthetic_product_v1,synthetic_user_v1,42,2026-01-01T00:10:22Z
synthetic-user-v1-000624,Nature Explorer,,0.0,0.4751,0.4491,0.7657,0.4045,0.2717,0.931,0.1616,0.3246,0.2677,8.0101,low,0.663,0.4301,0.4462,0.3667,0.7744,regular,synthetic_product_v1,synthetic_user_v1,42,2026-01-01T00:10:23Z
synthetic-user-v1-000625,Curious Generalist,Power Seeker,0.2845,0.7069,0.6121,0.6217,0.4293,0.6514,0.1713,0.2426,0.465,0.5638,8.8793,low,0.5337,0.6318,0.8405,0.5044,0.6362,regular,synthetic_product_v1,synthetic_user_v1,42,2026-01-01T00:10:24Z
synthetic-user-v1-000626,History Collector,Curious Generalist,0.2674,0.0893,0.8356,0.4609,0.8784,0.6653,0.4833,0.2402,0.4283,0.5864,19.0131,high,0.3925,0.7099,0.3266,0.1695,0.5844,regular,synthetic_product_v1,synthetic_user_v1,42,2026-01-01T00:10:25Z
synthetic-user-v1-000627,Eclectic Browser,,0.0,0.4954,0.7836,0.6032,0.4534,0.5413,0.5935,0.4972,0.7529,0.446,13.4032,medium,0.531,0.4807,0.8954,0.847,0.9471,heavy,synthetic_product_v1,synthetic_user_v1,42,2026-01-01T00:10:26Z
synthetic-user-v1-000628,Fantasy Lover,,0.0,0.6943,0.4436,0.7738,0.7207,0.307,0.3711,1.0,0.4522,0.4562,8.7139,low,0.6127,0.6004,0.9584,1.0,0.5006,regular,synthetic_product_v1,synthetic_user_v1,42,2026-01-01T00:10:27Z
synthetic-user-v1-000629,Nature Explorer,,0.0,0.5758,0.274,0.6843,0.472,0.519,0.7628,0.2699,0.3659,0.6173,11.7906,medium,0.2875,0.4496,0.556,0.4771,0.3764,regular,synthetic_product_v1,synthetic_user_v1,42,2026-01-01T00:10:28Z
synthetic-user-v1-000630,Power Seeker,Tech Futurist,0.3231,0.6783,0.3313,0.6063,0.4206,0.6058,0.2815,0.452,0.5676,0.7519,17.7793,high,0.2419,0.6795,0.3385,0.7952,0.543,regular,synthetic_product_v1,synthetic_user_v1,42,2026-01-01T00:10:29Z
synthetic-user-v1-000631,Eclectic Browser,Curious Generalist,0.2814,0.7218,0.5279,0.764,0.5831,0.1939,0.3041,0.5277,0.6333,0.7024,15.3012,high,0.521,0.4003,0.4924,0.3384,0.7966,regular,synthetic_product_v1,synthetic_user_v1,42,2026-01-01T00:10:30Z
synthetic-user-v1-000632,Curious Generalist,,0.0,0.3808,0.2472,0.8568,0.6656,0.5315,0.4313,0.6526,0.2239,0.6024,15.6361,high,0.4821,0.4276,1.0,0.5588,0.82,heavy,synthetic_product_v1,synthetic_user_v1,42,2026-01-01T00:10:31Z
synthetic-user-v1-000633,Tech Futurist,,0.0,0.3407,0.4291,0.6885,0.4401,1.0,0.2854,0.3638,0.6045,0.6221,12.3462,medium,0.4089,0.496,0.7936,0.5735,0.5431,regular,synthetic_product_v1,synthetic_user_v1,42,2026-01-01T00:10:32Z
synthetic-user-v1-000634,Luxury Collector,,0.0,0.3191,0.6957,0.5155,0.6346,0.839,0.568,0.641,0.4224,0.5614,18.3474,high,0.4524,0.6714,0.5087,0.6317,1.0,heavy,synthetic_product_v1,synthetic_user_v1,42,2026-01-01T00:10:33Z
synthetic-user-v1-000635,Power Seeker,,0.0,0.5367,0.7154,0.6413,0.3135,0.4361,0.338,0.5007,0.4973,1.0,13.4528,medium,0.1343,0.5049,0.3901,0.8679,0.6616,regular,synthetic_product_v1,synthetic_user_v1,42,2026-01-01T00:10:34Z
synthetic-user-v1-000636,Power Seeker,,0.0,0.5252,0.7005,0.4848,0.5688,0.504,0.3728,0.7416,0.35,1.0,21.5699,ultra_high,0.0945,0.8552,0.6126,0.6869,0.9967,heavy,synthetic_product_v1,synthetic_user_v1,42,2026-01-01T00:10:35Z
synthetic-user-v1-000637,Tech Futurist,,0.0,0.4159,0.5206,0.319,0.0,0.6595,0.1479,0.5336,0.4224,0.6401,16.8939,high,0.5046,0.4065,0.8559,0.7468,0.5426,regular,synthetic_product_v1,synthetic_user_v1,42,2026-01-01T00:10:36Z
synthetic-user-v1-000638,Tech Futurist,,0.0,0.3242,0.7839,0.5141,0.4312,1.0,0.3701,0.3296,0.8031,0.5012,11.8978,medium,0.592,0.5345,0.509,0.5662,0.7545,regular,synthetic_product_v1,synthetic_user_v1,42,2026-01-01T00:10:37Z
synthetic-user-v1-000639,Luxury Collector,,0.0,0.605,0.8516,0.7657,0.568,0.6468,0.56,0.3042,0.6939,0.7162,19.313,high,0.5548,0.985,0.3946,0.7815,0.4906,regular,synthetic_product_v1,synthetic_user_v1,42,2026-01-01T00:10:38Z
synthetic-user-v1-000640,Fantasy Lover,,0.0,0.1597,0.7103,0.7911,0.464,0.6034,0.5608,1.0,0.2008,0.5222,15.3968,high,0.4263,0.3718,0.3913,0.7915,0.5606,regular,synthetic_product_v1,synthetic_user_v1,42,2026-01-01T00:10:39Z
synthetic-user-v1-000641,Curious Generalist,,0.0,0.3339,0.7223,0.3889,0.5032,0.4458,0.5657,0.5859,0.5791,0.6619,10.0293,low,0.6247,0.4099,0.7554,0.7844,0.6336,regular,synthetic_product_v1,synthetic_user_v1,42,2026-01-01T00:10:40Z
synthetic-user-v1-000642,Space Enthusiast,Eclectic Browser,0.266,0.373,0.4827,0.5485,0.3386,0.3748,0.525,0.2701,0.7241,0.4443,18.2945,high,0.4119,0.628,0.7593,0.6372,0.6127,regular,synthetic_product_v1,synthetic_user_v1,42,2026-01-01T00:10:41Z
synthetic-user-v1-000643,Fantasy Lover,Nature Explorer,0.3127,0.491,0.3703,0.6446,0.2776,0.2429,0.7606,0.6488,0.2473,0.6522,10.5199,low,0.2149,0.5141,0.7893,0.7268,0.2518,casual,synthetic_product_v1,synthetic_user_v1,42,2026-01-01T00:10:42Z
synthetic-user-v1-000644,Tech Futurist,Curious Generalist,0.2519,0.3145,0.5197,0.4569,0.556,0.7779,0.286,0.3614,0.4205,0.6921,14.5662,medium,0.222,0.8659,0.5309,0.5413,0.495,regular,synthetic_product_v1,synthetic_user_v1,42,2026-01-01T00:10:43Z
synthetic-user-v1-000645,Nature Explorer,,0.0,0.6142,0.6844,1.0,0.5146,0.2045,0.9951,0.3208,0.4775,0.5494,7.2875,low,0.4657,0.0,0.8205,0.6984,0.4907,regular,synthetic_product_v1,synthetic_user_v1,42,2026-01-01T00:10:44Z
synthetic-user-v1-000646,Luxury Collector,,0.0,0.1499,0.9102,0.3892,0.6146,0.5867,0.3372,0.3415,0.4964,0.7032,19.9741,high,0.255,0.6559,0.6727,0.0,0.5636,regular,synthetic_product_v1,synthetic_user_v1,42,2026-01-01T00:10:45Z
synthetic-user-v1-000647,Eclectic Browser,Thrill Seeker,0.2496,0.6424,0.7423,0.6241,0.2244,0.5476,0.8271,0.5159,0.5201,0.458,12.5927,medium,0.527,0.5117,0.7629,0.7795,0.7581,regular,synthetic_product_v1,synthetic_user_v1,42,2026-01-01T00:10:46Z
synthetic-user-v1-000648,Space Enthusiast,Tech Futurist,0.2488,0.3838,0.5783,0.5457,0.6421,0.9036,0.7185,0.4516,0.9266,0.6758,17.3139,high,0.6252,0.721,0.4961,0.3522,0.6431,regular,synthetic_product_v1,synthetic_user_v1,42,2026-01-01T00:10:47Z
synthetic-user-v1-000649,Fantasy Lover,Power Seeker,0.3722,0.8498,0.7976,0.7083,0.3762,0.5003,0.1749,0.746,0.366,0.7607,7.933,low,0.4555,0.3039,0.6501,0.731,0.4179,regular,synthetic_product_v1,synthetic_user_v1,42,2026-01-01T00:10:48Z
synthetic-user-v1-000650,Eclectic Browser,,0.0,0.5394,0.5008,0.8284,0.3525,0.5084,0.1608,0.7619,0.7244,0.5081,11.5791,medium,0.3485,0.4998,0.9954,0.6652,1.0,heavy,synthetic_product_v1,synthetic_user_v1,42,2026-01-01T00:10:49Z
synthetic-user-v1-000651,Tech Futurist,,0.0,0.6344,0.5017,0.6211,0.1984,0.9841,0.5534,0.4089,0.3596,0.4995,12.9705,medium,0.4732,0.5336,0.8747,0.4254,0.5376,regular,synthetic_product_v1,synthetic_user_v1,42,2026-01-01T00:10:50Z
synthetic-user-v1-000652,Nature Explorer,Power Seeker,0.3572,0.495,0.5974,0.4514,0.7009,0.711,0.947,0.3618,0.4492,0.3656,11.653,medium,0.2416,0.4121,0.6867,0.4856,1.0,heavy,synthetic_product_v1,synthetic_user_v1,42,2026-01-01T00:10:51Z
synthetic-user-v1-000653,Luxury Collector,,0.0,0.1592,1.0,0.4199,0.6523,0.3496,0.5231,0.4925,0.2177,0.7666,15.952,high,0.0749,0.7238,0.3045,0.3013,0.6367,regular,synthetic_product_v1,synthetic_user_v1,42,2026-01-01T00:10:52Z
synthetic-user-v1-000654,Space Enthusiast,,0.0,0.395,0.517,0.8686,0.2565,0.9147,0.4061,0.5323,0.8948,0.6858,14.5906,medium,0.5311,0.6636,0.526,0.6534,0.5634,regular,synthetic_product_v1,synthetic_user_v1,42,2026-01-01T00:10:53Z
synthetic-user-v1-000655,Tech Futurist,,0.0,0.0616,0.6602,0.9751,0.4169,0.7366,0.0,0.2707,0.4806,0.5184,11.1927,medium,0.6515,0.5818,0.8106,0.6161,0.8267,heavy,synthetic_product_v1,synthetic_user_v1,42,2026-01-01T00:10:54Z
synthetic-user-v1-000656,Thrill Seeker,Eclectic Browser,0.2649,0.7573,0.4673,0.5661,0.4153,0.5757,0.5745,0.5843,0.5272,0.7654,7.2,low,0.2643,0.681,0.7303,0.8606,0.5653,regular,synthetic_product_v1,synthetic_user_v1,42,2026-01-01T00:10:55Z
synthetic-user-v1-000657,History Collector,,0.0,0.6357,0.7964,0.4866,0.7452,0.5501,0.2235,0.0666,0.351,0.6223,19.5875,high,0.7017,0.3067,0.1276,0.2988,0.2829,casual,synthetic_product_v1,synthetic_user_v1,42,2026-01-01T00:10:56Z
synthetic-user-v1-000658,Curious Generalist,Space Enthusiast,0.3284,0.7654,0.2797,0.7806,0.5639,0.2776,0.9696,0.6363,0.4601,0.7007,22.1027,ultra_high,0.6681,0.4354,0.5276,0.4406,0.5375,regular,synthetic_product_v1,synthetic_user_v1,42,2026-01-01T00:10:57Z
synthetic-user-v1-000659,Luxury Collector,,0.0,0.3779,0.896,0.7512,0.7119,0.5515,0.4809,0.1686,0.3535,0.4592,14.9892,medium,0.4599,0.9649,0.4611,0.4325,0.4012,regular,synthetic_product_v1,synthetic_user_v1,42,2026-01-01T00:10:58Z
synthetic-user-v1-000660,Eclectic Browser,,0.0,0.4168,0.5919,0.6967,0.431,0.6487,0.4133,0.5199,0.601,0.3126,20.9688,ultra_high,0.3309,0.5671,0.6924,0.4406,0.5399,regular,synthetic_product_v1,synthetic_user_v1,42,2026-01-01T00:10:59Z
synthetic-user-v1-000661,Fantasy Lover,Nature Explorer,0.2854,0.518,0.6221,0.6265,0.3534,0.1016,0.5705,0.7334,0.1211,0.4271,16.8928,high,0.369,0.5376,0.539,0.5892,0.5996,regular,synthetic_product_v1,synthetic_user_v1,42,2026-01-01T00:11:00Z
synthetic-user-v1-000662,Luxury Collector,,0.0,0.3535,1.0,0.3496,0.2146,0.3808,0.3549,0.6031,0.3937,0.7287,15.4708,high,0.5011,1.0,0.3745,0.5235,0.6488,regular,synthetic_product_v1,synthetic_user_v1,42,2026-01-01T00:11:01Z
synthetic-user-v1-000663,Eclectic Browser,Luxury Collector,0.2246,0.556,0.5715,0.8844,0.2748,0.5551,0.5854,0.4744,0.5519,0.6093,11.0275,medium,0.8137,0.2437,0.81,0.4614,0.9966,heavy,synthetic_product_v1,synthetic_user_v1,42,2026-01-01T00:11:02Z
synthetic-user-v1-000664,Tech Futurist,Luxury Collector,0.3481,0.4144,0.3507,1.0,0.3423,0.7901,0.5019,0.5306,0.2497,0.6593,13.5092,medium,0.3454,0.7386,0.7203,0.508,0.609,regular,synthetic_product_v1,synthetic_user_v1,42,2026-01-01T00:11:03Z
synthetic-user-v1-000665,Fantasy Lover,,0.0,0.5284,0.6147,0.9392,0.4025,0.3822,0.6066,0.6992,0.0836,0.7003,11.6231,medium,0.3815,0.5638,0.627,0.6418,0.8138,heavy,synthetic_product_v1,synthetic_user_v1,42,2026-01-01T00:11:04Z
synthetic-user-v1-000666,Power Seeker,Thrill Seeker,0.2312,0.6344,0.482,0.4079,0.7101,0.6419,0.6233,0.3494,0.3114,0.9695,19.5135,high,0.7537,0.4981,0.4134,0.3558,0.7426,regular,synthetic_product_v1,synthetic_user_v1,42,2026-01-01T00:11:05Z
synthetic-user-v1-000667,Eclectic Browser,Space Enthusiast,0.3573,0.6576,0.5417,0.58,0.5323,0.717,0.3576,0.5467,0.6673,0.7511,15.6025,high,0.3544,0.2925,0.9429,0.6051,0.6505,regular,synthetic_product_v1,synthetic_user_v1,42,2026-01-01T00:11:06Z
synthetic-user-v1-000668,Eclectic Browser,Space Enthusiast,0.203,0.3083,0.5683,0.6617,0.5376,0.5745,0.1031,0.6189,0.7357,0.4161,17.7091,high,0.3529,0.3622,0.4384,0.6623,0.843,heavy,synthetic_product_v1,synthetic_user_v1,42,2026-01-01T00:11:07Z
synthetic-user-v1-000669,Thrill Seeker,Luxury Collector,0.2731,0.5278,0.3766,0.433,0.4335,0.5432,0.4806,0.4671,0.4628,0.8215,10.7392,low,0.3219,0.1507,0.9535,0.9331,0.7699,regular,synthetic_product_v1,synthetic_user_v1,42,2026-01-01T00:11:08Z
synthetic-user-v1-000670,Curious Generalist,Nature Explorer,0.2657,0.5597,0.7247,0.5813,0.3011,0.43,0.8241,0.2737,0.5588,0.6527,12.4097,medium,0.596,0.531,0.8174,0.3702,0.349,casual,synthetic_product_v1,synthetic_user_v1,42,2026-01-01T00:11:09Z
synthetic-user-v1-000671,Tech Futurist,History Collector,0.3959,0.6665,0.64,0.7192,0.4585,0.6406,0.394,0.0784,0.417,0.7275,18.5973,high,0.4546,0.8076,0.6309,0.5127,0.8005,heavy,synthetic_product_v1,synthetic_user_v1,42,2026-01-01T00:11:10Z
synthetic-user-v1-000672,Fantasy Lover,,0.0,0.7217,0.4523,0.5606,0.1979,0.8113,0.4169,1.0,0.5108,0.4818,10.699,low,0.6496,0.28,0.6346,0.9179,0.552,regular,synthetic_product_v1,synthetic_user_v1,42,2026-01-01T00:11:11Z
synthetic-user-v1-000673,Curious Generalist,,0.0,0.6978,0.5619,0.9803,0.7635,0.5591,0.459,0.4907,0.3991,0.4389,17.1929,high,0.4021,1.0,0.569,0.6322,0.1473,casual,synthetic_product_v1,synthetic_user_v1,42,2026-01-01T00:11:12Z
synthetic-user-v1-000674,Thrill Seeker,,0.0,1.0,0.3318,0.7339,0.2031,0.2292,0.7038,0.6907,0.1052,0.7055,8.0948,low,0.5044,0.5247,0.4716,0.7445,0.6148,regular,synthetic_product_v1,synthetic_user_v1,42,2026-01-01T00:11:13Z
synthetic-user-v1-000675,Nature Explorer,,0.0,0.507,0.4615,0.5238,0.2742,0.3525,0.7912,0.5302,0.2428,0.1144,10.6038,low,0.6687,0.8025,0.8636,0.2185,0.4825,regular,synthetic_product_v1,synthetic_user_v1,42,2026-01-01T00:11:14Z
synthetic-user-v1-000676,History Collector,,0.0,0.4728,0.5198,0.6064,0.7683,0.5702,0.4805,0.44,0.1785,0.3205,17.7502,high,0.6013,0.3927,0.3832,0.2001,0.7229,regular,synthetic_product_v1,synthetic_user_v1,42,2026-01-01T00:11:15Z
synthetic-user-v1-000677,Curious Generalist,,0.0,0.7288,0.8918,1.0,0.4547,0.4469,0.5895,0.3231,0.5843,0.5413,17.2865,high,1.0,0.6659,0.8108,0.4401,0.6151,regular,synthetic_product_v1,synthetic_user_v1,42,2026-01-01T00:11:16Z
synthetic-user-v1-000678,Eclectic Browser,,0.0,0.3699,0.5243,0.7853,0.4573,0.7007,0.4433,0.4531,0.2782,0.5283,13.2233,medium,0.1331,0.6065,0.5812,0.5096,0.5841,regular,synthetic_product_v1,synthetic_user_v1,42,2026-01-01T00:11:17Z
synthetic-user-v1-000679,Luxury Collector,Nature Explorer,0.375,0.4165,0.6718,0.6595,0.4504,0.2872,0.4719,0.5359,0.5881,0.6977,13.9061,medium,0.7835,0.9679,0.4942,0.7276,0.4141,regular,synthetic_product_v1,synthetic_user_v1,42,2026-01-01T00:11:18Z
synthetic-user-v1-000680,Fantasy Lover,Luxury Collector,0.3673,0.3854,0.8369,0.6302,0.3169,0.1535,0.3336,0.9789,0.3223,0.7782,8.8742,low,0.7301,0.0796,0.732,0.6161,0.5208,regular,synthetic_product_v1,synthetic_user_v1,42,2026-01-01T00:11:19Z
synthetic-user-v1-000681,Eclectic Browser,,0.0,0.5885,0.6868,0.5009,0.3517,0.7814,0.7395,0.5471,0.3517,0.6511,12.5157,medium,0.4086,0.2993,0.9843,0.2804,0.253,casual,synthetic_product_v1,synthetic_user_v1,42,2026-01-01T00:11:20Z
synthetic-user-v1-000682,Power Seeker,,0.0,0.5172,0.5489,0.6034,0.4933,0.3992,0.2582,0.2439,0.2989,0.9555,18.4009,high,0.3882,0.3381,0.2339,0.6118,0.4838,regular,synthetic_product_v1,synthetic_user_v1,42,2026-01-01T00:11:21Z
synthetic-user-v1-000683,Curious Generalist,,0.0,0.587,0.3224,0.6611,0.2856,0.7243,0.5632,0.8921,0.5384,0.833,18.4286,high,0.2591,0.6305,0.5584,0.5565,0.6432,regular,synthetic_product_v1,synthetic_user_v1,42,2026-01-01T00:11:22Z
synthetic-user-v1-000684,Thrill Seeker,,0.0,0.7364,0.4214,0.9139,0.4892,0.5324,0.7448,0.4329,0.4097,0.6444,11.9924,medium,0.196,0.624,0.548,1.0,0.4753,regular,synthetic_product_v1,synthetic_user_v1,42,2026-01-01T00:11:23Z
synthetic-user-v1-000685,Power Seeker,,0.0,0.7596,0.507,0.4446,0.3046,0.6093,0.3215,0.5851,0.3749,0.8399,14.2813,medium,0.5056,0.749,0.5928,0.6911,0.5687,regular,synthetic_product_v1,synthetic_user_v1,42,2026-01-01T00:11:24Z
synthetic-user-v1-000686,Fantasy Lover,,0.0,0.7998,0.6771,0.4005,0.4921,0.0,0.3257,0.9398,0.0151,0.5078,10.8165,low,0.46,0.2964,0.4375,0.7545,0.3104,casual,synthetic_product_v1,synthetic_user_v1,42,2026-01-01T00:11:25Z
synthetic-user-v1-000687,Thrill Seeker,Eclectic Browser,0.3423,0.9737,0.3268,0.7801,0.3029,0.4271,0.729,0.6006,0.5553,0.8352,7.449,low,0.0417,0.098,0.4272,0.7561,0.9299,heavy,synthetic_product_v1,synthetic_user_v1,42,2026-01-01T00:11:26Z
synthetic-user-v1-000688,Eclectic Browser,,0.0,0.6821,0.5024,0.7928,0.5169,0.5583,0.6094,0.8434,0.6132,0.8902,9.8997,low,0.5574,0.5996,1.0,0.4929,0.7804,regular,synthetic_product_v1,synthetic_user_v1,42,2026-01-01T00:11:27Z
synthetic-user-v1-000689,Curious Generalist,,0.0,0.3108,0.6063,0.7245,0.5189,0.5957,0.7081,0.3409,0.6035,0.6694,12.7907,medium,0.8883,0.3374,0.9143,0.307,0.5268,regular,synthetic_product_v1,synthetic_user_v1,42,2026-01-01T00:11:28Z
synthetic-user-v1-000690,Space Enthusiast,,0.0,0.5637,0.5791,0.9186,0.5977,0.7745,0.3695,0.62,0.7761,0.3075,19.3106,high,0.9002,0.3204,0.5623,0.2108,0.5314,regular,synthetic_product_v1,synthetic_user_v1,42,2026-01-01T00:11:29Z
synthetic-user-v1-000691,History Collector,Tech Futurist,0.344,0.3678,0.4201,0.1617,0.543,0.3182,0.4764,0.5968,0.392,0.4097,16.5579,high,0.6262,0.2158,0.2953,0.4829,0.5456,regular,synthetic_product_v1,synthetic_user_v1,42,2026-01-01T00:11:30Z
synthetic-user-v1-000692,Curious Generalist,,0.0,0.5523,0.675,0.814,0.7537,0.6218,0.1784,0.3452,0.4448,0.2894,9.8252,low,1.0,0.3645,0.7128,0.6942,0.5662,regular,synthetic_product_v1,synthetic_user_v1,42,2026-01-01T00:11:31Z
synthetic-user-v1-000693,Curious Generalist,,0.0,0.4347,0.4024,0.3241,0.3811,0.6043,0.5004,0.2755,0.4204,0.5326,14.8215,medium,0.3595,0.4928,0.7406,0.7531,0.3307,casual,synthetic_product_v1,synthetic_user_v1,42,2026-01-01T00:11:32Z
synthetic-user-v1-000694,Fantasy Lover,,0.0,0.5187,0.528,0.4621,0.4816,0.567,0.3656,0.7696,0.417,0.8904,10.4872,low,0.8392,0.7511,0.2674,0.3512,0.5329,regular,synthetic_product_v1,synthetic_user_v1,42,2026-01-01T00:11:33Z
synthetic-user-v1-000695,Fantasy Lover,,0.0,0.3434,0.6955,0.8146,0.5922,0.4735,0.4449,0.7827,0.0029,0.5778,12.0038,medium,0.5291,0.7738,0.637,0.3916,0.4249,regular,synthetic_product_v1,synthetic_user_v1,42,2026-01-01T00:11:34Z
synthetic-user-v1-000696,Fantasy Lover,,0.0,0.7758,0.7766,0.7479,0.5355,0.3437,0.2921,0.9395,0.5113,0.6355,14.9556,medium,0.8562,0.5875,0.3314,0.4164,0.5352,regular,synthetic_product_v1,synthetic_user_v1,42,2026-01-01T00:11:35Z
synthetic-user-v1-000697,Curious Generalist,,0.0,0.584,0.7364,0.6667,0.6222,0.3372,0.7981,0.6947,0.367,0.2386,11.6659,medium,0.1736,0.595,0.7618,0.5009,0.4497,regular,synthetic_product_v1,synthetic_user_v1,42,2026-01-01T00:11:36Z
synthetic-user-v1-000698,Tech Futurist,Thrill Seeker,0.3776,0.5912,0.5415,0.6682,0.6813,0.5725,0.6099,0.5671,0.3543,0.6296,14.5922,medium,0.6369,0.8154,0.5365,0.7179,0.6892,regular,synthetic_product_v1,synthetic_user_v1,42,2026-01-01T00:11:37Z
synthetic-user-v1-000699,History Collector,,0.0,0.5177,0.436,0.7433,0.798,0.4503,0.5481,0.6364,0.5555,0.266,16.8092,high,0.6771,0.6347,0.3572,0.4729,0.5004,regular,synthetic_product_v1,synthetic_user_v1,42,2026-01-01T00:11:38Z
synthetic-user-v1-000700,Power Seeker,,0.0,0.4746,0.3591,0.4718,0.6763,0.6762,0.5951,0.4417,0.3825,0.6944,18.6873,high,0.2792,0.7751,0.4427,0.5541,0.3918,regular,synthetic_product_v1,synthetic_user_v1,42,2026-01-01T00:11:39Z
synthetic-user-v1-000701,Space Enthusiast,,0.0,0.3717,0.6481,0.5343,0.3911,0.58,0.6658,0.2062,0.9807,0.6098,18.0956,high,0.3614,0.6368,0.5186,0.8075,0.5456,regular,synthetic_product_v1,synthetic_user_v1,42,2026-01-01T00:11:40Z
synthetic-user-v1-000702,History Collector,,0.0,0.5595,0.591,0.4772,0.8605,0.3862,0.9111,0.453,0.1283,0.6486,11.0669,medium,0.5785,0.2542,0.0303,0.2895,0.3612,regular,synthetic_product_v1,synthetic_user_v1,42,2026-01-01T00:11:41Z
synthetic-user-v1-000703,Fantasy Lover,,0.0,0.5297,0.5161,0.7591,0.6525,0.3945,0.4641,0.7618,0.5489,0.4719,12.1159,medium,0.4123,0.2358,0.922,0.6934,0.4885,regular,synthetic_product_v1,synthetic_user_v1,42,2026-01-01T00:11:42Z
synthetic-user-v1-000704,Thrill Seeker,,0.0,0.9585,0.2288,0.4404,0.2715,0.5673,0.5313,0.5135,0.521,0.6697,13.7592,medium,0.1741,0.3637,0.98,0.6781,0.902,heavy,synthetic_product_v1,synthetic_user_v1,42,2026-01-01T00:11:43Z
synthetic-user-v1-000705,Curious Generalist,,0.0,0.6125,0.4505,0.8367,0.4346,0.6606,0.4453,0.8074,0.4991,0.3195,18.5245,high,0.8567,0.5494,0.6961,0.4593,0.6661,regular,synthetic_product_v1,synthetic_user_v1,42,2026-01-01T00:11:44Z
synthetic-user-v1-000706,Eclectic Browser,,0.0,0.5363,0.6688,0.8772,0.5512,0.5938,0.7234,0.8381,0.7315,0.6506,17.4436,high,0.7493,0.401,0.7701,0.4259,0.9165,heavy,synthetic_product_v1,synthetic_user_v1,42,2026-01-01T00:11:45Z
synthetic-user-v1-000707,History Collector,Nature Explorer,0.2217,0.6155,0.8165,0.8346,0.5304,0.1499,0.5209,0.7297,0.6417,0.4634,16.7798,high,1.0,0.5521,0.6597,0.3616,0.4856,regular,synthetic_product_v1,synthetic_user_v1,42,2026-01-01T00:11:46Z
synthetic-user-v1-000708,Fantasy Lover,,0.0,0.4384,0.4778,0.7537,0.442,0.3235,0.6096,0.7594,0.3611,0.782,10.3893,low,0.6147,0.4678,1.0,0.4316,0.7425,regular,synthetic_product_v1,synthetic_user_v1,42,2026-01-01T00:11:47Z
synthetic-user-v1-000709,Eclectic Browser,,0.0,0.6502,0.719,0.6284,0.5382,0.5449,0.626,0.6424,0.6463,0.476,12.2989,medium,0.4079,0.4859,1.0,0.4758,0.7071,regular,synthetic_product_v1,synthetic_user_v1,42,2026-01-01T00:11:48Z
synthetic-user-v1-000710,Tech Futurist,,0.0,0.4489,0.8078,0.8348,0.183,0.9761,0.2282,0.3338,0.6104,0.5769,13.8713,medium,0.5091,0.7854,0.3353,0.3892,0.6861,regular,synthetic_product_v1,synthetic_user_v1,42,2026-01-01T00:11:49Z
synthetic-user-v1-000711,Nature Explorer,,0.0,0.5434,0.4579,0.4773,0.3313,0.487,0.9837,0.6189,0.1499,0.42,10.5706,low,0.4717,0.3467,0.4472,0.2401,0.4433,regular,synthetic_product_v1,synthetic_user_v1,42,2026-01-01T00:11:50Z
synthetic-user-v1-000712,Nature Explorer,,0.0,0.3643,0.0352,0.7202,0.5934,0.4428,0.823,0.3688,0.2855,0.4249,23.5362,ultra_high,0.7442,0.2335,1.0,0.4275,0.4523,regular,synthetic_product_v1,synthetic_user_v1,42,2026-01-01T00:11:51Z
synthetic-user-v1-000713,Curious Generalist,Luxury Collector,0.2821,0.6768,0.4116,0.6912,0.5361,0.4322,0.421,0.2261,0.637,0.3924,15.307,high,0.4875,0.4104,0.8968,0.6447,0.742,regular,synthetic_product_v1,synthetic_user_v1,42,2026-01-01T00:11:52Z
synthetic-user-v1-000714,Power Seeker,History Collector,0.3137,0.725,0.8838,0.5194,0.6378,0.3355,0.1348,0.5694,0.4178,0.6268,17.4513,high,0.0664,0.7219,0.0571,0.848,0.8184,heavy,synthetic_product_v1,synthetic_user_v1,42,2026-01-01T00:11:53Z
synthetic-user-v1-000715,Eclectic Browser,,0.0,0.693,0.3799,0.7454,0.618,0.7409,0.4202,0.757,0.4845,0.6029,14.7698,medium,0.6968,0.722,1.0,0.4354,0.723,regular,synthetic_product_v1,synthetic_user_v1,42,2026-01-01T00:11:54Z
synthetic-user-v1-000716,Power Seeker,,0.0,0.4216,0.364,0.5094,0.5616,0.6633,0.4271,0.812,0.4546,0.6958,14.5827,medium,0.0377,0.6316,0.5093,0.7399,0.4547,regular,synthetic_product_v1,synthetic_user_v1,42,2026-01-01T00:11:55Z
synthetic-user-v1-000717,Fantasy Lover,Curious Generalist,0.2017,0.5741,0.5138,0.7832,0.3772,0.4722,0.3319,0.8621,0.4421,0.7337,9.6012,low,0.3143,0.6165,0.4798,0.5225,0.7305,regular,synthetic_product_v1,synthetic_user_v1,42,2026-01-01T00:11:56Z
synthetic-user-v1-000718,Space Enthusiast,Thrill Seeker,0.232,0.4591,0.5974,0.6595,0.6245,0.8562,0.3546,0.4813,0.5772,0.4399,19.3645,high,0.4204,0.6683,0.9913,0.3026,0.9127,heavy,synthetic_product_v1,synthetic_user_v1,42,2026-01-01T00:11:57Z
synthetic-user-v1-000719,Eclectic Browser,Curious Generalist,0.2271,0.4473,0.6131,0.6972,0.5173,0.439,0.2876,0.7721,0.4449,0.704,20.7817,ultra_high,0.3747,0.1377,0.6673,0.996,1.0,heavy,synthetic_product_v1,synthetic_user_v1,42,2026-01-01T00:11:58Z
synthetic-user-v1-000720,Tech Futurist,Space Enthusiast,0.3248,0.461,0.4163,0.42,0.6466,1.0,0.4677,0.3577,0.5082,0.5211,14.4003,medium,0.157,1.0,0.3891,0.5392,0.315,casual,synthetic_product_v1,synthetic_user_v1,42,2026-01-01T00:11:59Z
synthetic-user-v1-000721,Fantasy Lover,,0.0,0.7023,0.5521,0.7167,0.672,0.6944,0.321,1.0,0.3406,0.7956,15.7645,high,0.3086,0.6833,0.6561,0.4767,0.487,regular,synthetic_product_v1,synthetic_user_v1,42,2026-01-01T00:12:00Z
synthetic-user-v1-000722,Space Enthusiast,,0.0,1.0,0.4824,0.5987,0.6982,0.7235,0.521,0.3396,0.7384,0.5193,21.552,ultra_high,0.1962,0.759,0.5978,0.6424,0.7628,regular,synthetic_product_v1,synthetic_user_v1,42,2026-01-01T00:12:01Z
synthetic-user-v1-000723,Luxury Collector,,0.0,0.0,0.8298,0.3569,0.7145,0.5794,0.529,0.4724,0.4845,0.6068,17.7266,high,0.6479,0.856,0.0,0.6142,0.2145,casual,synthetic_product_v1,synthetic_user_v1,42,2026-01-01T00:12:02Z
synthetic-user-v1-000724,Curious Generalist,History Collector,0.3612,0.1965,0.6334,0.6231,0.5853,0.5211,0.6075,0.1995,0.4079,0.5268,19.9221,high,0.7305,0.3683,0.8103,0.7133,0.5776,regular,synthetic_product_v1,synthetic_user_v1,42,2026-01-01T00:12:03Z
synthetic-user-v1-000725,Luxury Collector,,0.0,0.0045,0.9494,0.597,0.5263,0.6599,0.5932,0.5626,0.6317,0.6812,17.1422,high,0.555,0.7539,0.2133,0.4174,0.4851,regular,synthetic_product_v1,synthetic_user_v1,42,2026-01-01T00:12:04Z
synthetic-user-v1-000726,Curious Generalist,,0.0,0.5201,0.3512,0.5867,0.6746,0.9697,0.4491,0.4468,0.4231,0.7734,15.2055,high,0.5585,0.5686,0.7237,0.5986,0.502,regular,synthetic_product_v1,synthetic_user_v1,42,2026-01-01T00:12:05Z
synthetic-user-v1-000727,Nature Explorer,Thrill Seeker,0.3151,0.6198,0.469,0.6654,0.3265,0.4991,0.5792,0.3665,0.5182,0.6479,10.3418,low,0.7523,0.3771,0.8541,0.2967,0.3706,regular,synthetic_product_v1,synthetic_user_v1,42,2026-01-01T00:12:06Z
synthetic-user-v1-000728,Fantasy Lover,Tech Futurist,0.2563,0.6304,0.5953,0.7761,0.1015,0.4965,0.5941,0.8491,0.1416,0.7716,14.621,medium,0.7317,0.4814,0.5312,0.8824,0.4137,regular,synthetic_product_v1,synthetic_user_v1,42,2026-01-01T00:12:07Z
synthetic-user-v1-000729,Curious Generalist,,0.0,0.4301,0.3233,0.8209,0.4675,0.4999,0.3912,0.3265,0.7072,0.4472,16.3431,high,0.5664,0.5459,0.5405,0.6267,0.3244,casual,synthetic_product_v1,synthetic_user_v1,42,2026-01-01T00:12:08Z
synthetic-user-v1-000730,Curious Generalist,,0.0,0.7153,0.6333,0.523,0.6305,0.1506,0.2654,0.6942,0.3902,0.5604,14.2744,medium,0.9171,0.4361,0.712,0.2896,0.3729,regular,synthetic_product_v1,synthetic_user_v1,42,2026-01-01T00:12:09Z
synthetic-user-v1-000731,Thrill Seeker,,0.0,0.9602,0.5432,0.4697,0.4382,0.5558,0.5687,0.5455,0.3428,0.9299,11.8487,medium,0.405,0.3543,0.7418,1.0,0.6844,regular,synthetic_product_v1,synthetic_user_v1,42,2026-01-01T00:12:10Z
synthetic-user-v1-000732,Fantasy Lover,History Collector,0.2973,0.2243,0.5677,0.4925,0.6882,0.3163,0.4567,0.7135,0.354,0.6271,10.4829,low,0.416,0.6478,0.9644,0.4442,0.7135,regular,synthetic_product_v1,synthetic_user_v1,42,2026-01-01T00:12:11Z
synthetic-user-v1-000733,Eclectic Browser,,0.0,0.7168,0.5112,0.8226,0.6695,0.4918,0.4149,0.6607,0.6084,0.5188,19.7224,high,0.1046,0.154,1.0,0.7808,0.7863,regular,synthetic_product_v1,synthetic_user_v1,42,2026-01-01T00:12:12Z
synthetic-user-v1-000734,Nature Explorer,,0.0,0.5273,0.4158,0.7576,0.5137,0.6026,0.7437,0.6288,0.6271,0.4517,8.7962,low,0.5491,0.4533,0.8307,0.5063,0.51,regular,synthetic_product_v1,synthetic_user_v1,42,2026-01-01T00:12:13Z
synthetic-user-v1-000735,Nature Explorer,,0.0,0.5735,0.3592,0.5218,0.4152,0.3585,0.7122,0.2689,0.356,0.4284,12.4075,medium,0.3444,0.5325,0.8223,0.0435,0.5903,regular,synthetic_product_v1,synthetic_user_v1,42,2026-01-01T00:12:14Z
synthetic-user-v1-000736,Curious Generalist,,0.0,0.2976,0.5124,0.7939,0.5686,0.241,0.5154,0.5977,0.5122,0.4944,14.5911,medium,0.3846,0.8472,0.5694,0.4923,0.8048,heavy,synthetic_product_v1,synthetic_user_v1,42,2026-01-01T00:12:15Z
synthetic-user-v1-000737,Space Enthusiast,Fantasy Lover,0.2969,0.3848,0.865,0.8101,0.6874,0.7054,0.7944,0.3986,0.6175,0.9185,22.8163,ultra_high,0.3869,0.5819,0.7948,0.3306,0.3591,regular,synthetic_product_v1,synthetic_user_v1,42,2026-01-01T00:12:16Z
synthetic-user-v1-000738,Power Seeker,History Collector,0.2288,0.3054,0.8632,0.6493,0.5766,0.4374,0.0958,0.5878,0.5288,0.984,14.7132,medium,0.3048,0.5942,0.4087,0.879,0.5678,regular,synthetic_product_v1,synthetic_user_v1,42,2026-01-01T00:12:17Z
synthetic-user-v1-000739,Eclectic Browser,,0.0,0.4887,0.5276,0.9765,0.7691,0.7891,0.796,0.4548,0.5002,0.4681,19.393,high,0.3771,0.3705,0.6764,0.4039,0.419,regular,synthetic_product_v1,synthetic_user_v1,42,2026-01-01T00:12:18Z
synthetic-user-v1-000740,Eclectic Browser,Nature Explorer,0.2648,0.8179,0.4701,0.6335,0.2244,0.467,0.6097,0.3379,0.5758,0.5125,16.4346,high,0.4412,0.403,0.7119,0.7246,0.7244,regular,synthetic_product_v1,synthetic_user_v1,42,2026-01-01T00:12:19Z
synthetic-user-v1-000741,Curious Generalist,Fantasy Lover,0.3502,0.3169,0.55,0.4285,0.4706,0.3867,0.5269,0.7658,0.1606,0.514,14.9721,medium,0.472,0.5675,0.9284,0.4186,0.6688,regular,synthetic_product_v1,synthetic_user_v1,42,2026-01-01T00:12:20Z
synthetic-user-v1-000742,Tech Futurist,,0.0,0.4614,0.5872,0.7965,0.3725,0.9842,0.4858,0.6648,0.3287,0.6395,13.1674,medium,0.8112,0.647,0.3724,0.5445,0.3521,regular,synthetic_product_v1,synthetic_user_v1,42,2026-01-01T00:12:21Z
synthetic-user-v1-000743,Tech Futurist,,0.0,0.4365,0.5658,0.6574,0.2915,0.8534,0.2905,0.337,0.2684,0.4086,17.7302,high,0.6028,0.2205,0.5498,0.5241,0.6839,regular,synthetic_product_v1,synthetic_user_v1,42,2026-01-01T00:12:22Z
synthetic-user-v1-000744,History Collector,,0.0,0.25,0.5858,0.5135,0.9456,0.5488,0.4279,0.5028,0.2348,0.6304,16.34,high,0.4403,0.272,0.1969,0.2949,0.4825,regular,synthetic_product_v1,synthetic_user_v1,42,2026-01-01T00:12:23Z
synthetic-user-v1-000745,Luxury Collector,Curious Generalist,0.2775,0.6615,1.0,0.6655,0.8376,0.479,0.3163,0.4473,0.3045,0.4844,15.0894,high,0.6219,0.7679,0.7153,0.4175,0.2167,casual,synthetic_product_v1,synthetic_user_v1,42,2026-01-01T00:12:24Z
synthetic-user-v1-000746,Thrill Seeker,Curious Generalist,0.2433,0.6869,0.5074,0.8417,0.1134,0.4904,0.5649,0.2831,0.1971,0.8687,14.5157,medium,0.0023,0.277,0.5287,0.4112,0.6017,regular,synthetic_product_v1,synthetic_user_v1,42,2026-01-01T00:12:25Z
synthetic-user-v1-000747,Fantasy Lover,Eclectic Browser,0.3769,0.695,0.3597,0.9541,0.177,0.5523,0.3813,0.6158,0.5473,0.6671,12.8386,medium,0.5707,0.194,0.8309,0.7546,0.5553,regular,synthetic_product_v1,synthetic_user_v1,42,2026-01-01T00:12:26Z
synthetic-user-v1-000748,Luxury Collector,Curious Generalist,0.3797,0.4649,0.7008,0.7135,0.8723,0.3531,0.4956,0.3885,0.649,0.4615,16.1905,high,0.7562,0.634,0.4161,0.3476,0.4293,regular,synthetic_product_v1,synthetic_user_v1,42,2026-01-01T00:12:27Z
synthetic-user-v1-000749,Space Enthusiast,Thrill Seeker,0.2546,0.7981,0.5534,0.9514,0.4598,0.6488,0.6879,0.3413,0.7684,0.46,21.8825,ultra_high,0.4477,0.7904,0.4619,0.8457,0.5834,regular,synthetic_product_v1,synthetic_user_v1,42,2026-01-01T00:12:28Z
synthetic-user-v1-000750,Fantasy Lover,,0.0,0.4675,0.5391,0.6144,0.4541,0.5872,0.4605,0.8463,0.212,0.4089,12.901,medium,0.1044,0.3827,0.3986,0.4572,0.5286,regular,synthetic_product_v1,synthetic_user_v1,42,2026-01-01T00:12:29Z
synthetic-user-v1-000751,Eclectic Browser,,0.0,0.5234,0.2426,0.6843,0.547,0.3606,0.7897,0.4514,0.5072,0.7801,12.2066,medium,0.4177,0.3621,0.6787,0.411,0.5069,regular,synthetic_product_v1,synthetic_user_v1,42,2026-01-01T00:12:30Z
synthetic-user-v1-000752,Fantasy Lover,,0.0,0.4755,0.5698,0.6301,0.3232,0.0531,0.2863,0.7237,0.386,0.6637,11.9672,medium,0.6936,0.4019,0.4466,0.6458,0.6279,regular,synthetic_product_v1,synthetic_user_v1,42,2026-01-01T00:12:31Z
synthetic-user-v1-000753,Thrill Seeker,,0.0,0.9829,0.3263,1.0,0.0962,0.5696,0.7356,0.2623,0.1842,0.874,8.3466,low,0.232,0.5418,0.5787,1.0,1.0,heavy,synthetic_product_v1,synthetic_user_v1,42,2026-01-01T00:12:32Z
synthetic-user-v1-000754,Power Seeker,,0.0,0.3746,0.4336,0.5871,0.3708,0.494,0.0569,0.4309,0.4243,0.6376,19.3165,high,0.1349,0.9847,0.1339,1.0,0.4472,regular,synthetic_product_v1,synthetic_user_v1,42,2026-01-01T00:12:33Z
synthetic-user-v1-000755,Luxury Collector,,0.0,0.3675,0.768,0.4828,0.7319,0.4807,0.3441,0.3683,0.2441,0.7918,11.0017,medium,0.5661,0.7777,0.1346,0.427,0.4723,regular,synthetic_product_v1,synthetic_user_v1,42,2026-01-01T00:12:34Z
synthetic-user-v1-000756,History Collector,Nature Explorer,0.2484,0.4559,0.3571,0.7111,0.711,0.3063,0.6081,0.3281,0.3471,0.5534,18.5398,high,0.7909,0.4896,0.5596,0.2466,0.7263,regular,synthetic_product_v1,synthetic_user_v1,42,2026-01-01T00:12:35Z
synthetic-user-v1-000757,Nature Explorer,,0.0,0.257,0.5217,0.5708,0.6307,0.3237,1.0,0.1457,0.2525,0.4649,11.9205,medium,0.6126,0.3308,0.7609,0.2587,0.5445,regular,synthetic_product_v1,synthetic_user_v1,42,2026-01-01T00:12:36Z
synthetic-user-v1-000758,Tech Futurist,,0.0,0.1772,0.5095,0.7324,0.2662,0.6637,0.047,0.7434,0.4324,0.6423,16.3666,high,0.669,0.4961,0.5679,0.5074,0.6701,regular,synthetic_product_v1,synthetic_user_v1,42,2026-01-01T00:12:37Z
synthetic-user-v1-000759,Luxury Collector,,0.0,0.2425,0.5167,0.3247,0.6747,0.5049,0.8795,0.6146,0.4095,0.6734,10.6937,low,0.7511,0.8142,0.3461,0.5667,0.5086,regular,synthetic_product_v1,synthetic_user_v1,42,2026-01-01T00:12:38Z
synthetic-user-v1-000760,Eclectic Browser,,0.0,0.3683,0.3225,0.7646,0.2393,0.6167,0.2921,0.8353,0.5212,0.5284,11.0127,medium,0.0509,0.5017,0.7911,0.6948,0.5172,regular,synthetic_product_v1,synthetic_user_v1,42,2026-01-01T00:12:39Z
synthetic-user-v1-000761,Nature Explorer,Fantasy Lover,0.2853,0.3229,0.0432,0.8111,0.5652,0.3009,0.89,0.4546,0.1085,0.6206,15.1126,high,0.7379,0.5082,0.5418,0.0639,0.5487,regular,synthetic_product_v1,synthetic_user_v1,42,2026-01-01T00:12:40Z
synthetic-user-v1-000762,Tech Futurist,,0.0,0.4906,0.6553,0.7245,0.3936,0.9431,0.5162,0.371,0.6553,0.6678,13.8747,medium,0.3852,0.2387,0.4875,0.7144,0.4365,regular,synthetic_product_v1,synthetic_user_v1,42,2026-01-01T00:12:41Z
synthetic-user-v1-000763,Fantasy Lover,,0.0,0.7175,0.5958,0.7023,0.4231,0.63,0.531,0.7773,0.1639,0.5607,11.8999,medium,0.4047,0.5956,0.6715,0.6212,0.618,regular,synthetic_product_v1,synthetic_user_v1,42,2026-01-01T00:12:42Z
synthetic-user-v1-000764,Curious Generalist,,0.0,0.5976,0.3342,0.5619,0.0986,0.5789,0.4126,0.3342,0.514,0.5703,15.2464,high,0.546,0.3709,0.521,0.6523,0.6954,regular,synthetic_product_v1,synthetic_user_v1,42,2026-01-01T00:12:43Z
synthetic-user-v1-000765,Curious Generalist,Thrill Seeker,0.3332,0.6049,0.4824,0.7235,0.394,0.7857,0.4083,0.5194,0.3485,0.4296,15.0408,high,0.6597,0.3997,0.5029,0.5173,0.6949,regular,synthetic_product_v1,synthetic_user_v1,42,2026-01-01T00:12:44Z
synthetic-user-v1-000766,Tech Futurist,Thrill Seeker,0.2291,0.4845,0.5554,0.5658,0.4051,0.7767,0.488,0.6024,0.2574,0.7812,18.2017,high,0.2259,0.7769,0.7925,0.5768,0.491,regular,synthetic_product_v1,synthetic_user_v1,42,2026-01-01T00:12:45Z
synthetic-user-v1-000767,Curious Generalist,,0.0,0.5909,0.7711,0.4973,0.6447,0.579,0.4322,0.6628,0.3796,0.7214,13.3803,medium,0.7634,0.4617,0.5695,0.2476,0.2462,casual,synthetic_product_v1,synthetic_user_v1,42,2026-01-01T00:12:46Z
synthetic-user-v1-000768,Tech Futurist,Curious Generalist,0.2835,0.4607,0.3345,0.6187,0.4448,0.4993,0.4901,0.4632,0.4282,0.8392,15.7326,high,0.6237,0.3998,0.9495,0.3391,0.6062,regular,synthetic_product_v1,synthetic_user_v1,42,2026-01-01T00:12:47Z
synthetic-user-v1-000769,Fantasy Lover,,0.0,0.2815,0.5806,0.8339,0.2994,0.1249,0.2706,0.6421,0.1558,0.7744,14.0659,medium,0.0,0.2761,0.6091,0.83,0.3539,regular,synthetic_product_v1,synthetic_user_v1,42,2026-01-01T00:12:48Z
synthetic-user-v1-000770,Curious Generalist,,0.0,0.5868,0.6818,0.4678,0.5708,0.8824,0.4768,0.6158,0.6346,0.9397,15.4683,high,0.4812,0.42,0.4511,0.3084,0.7019,regular,synthetic_product_v1,synthetic_user_v1,42,2026-01-01T00:12:49Z
synthetic-user-v1-000771,Thrill Seeker,Space Enthusiast,0.3604,0.6974,0.3743,0.6339,0.1091,0.4426,0.5414,0.219,0.5981,0.8786,14.7275,medium,0.4183,0.2519,0.5925,0.6019,0.6651,regular,synthetic_product_v1,synthetic_user_v1,42,2026-01-01T00:12:50Z
synthetic-user-v1-000772,Luxury Collector,,0.0,0.6052,0.7572,0.6928,0.5236,0.1164,0.2786,0.5172,0.3782,0.6818,18.5696,high,0.3797,0.6637,0.6407,0.4885,0.5933,regular,synthetic_product_v1,synthetic_user_v1,42,2026-01-01T00:12:51Z
synthetic-user-v1-000773,Eclectic Browser,Luxury Collector,0.291,0.7158,0.5955,0.63,0.7191,0.553,0.5755,0.1584,0.6991,0.4342,13.0771,medium,0.5225,0.5515,0.9747,0.6012,0.5912,regular,synthetic_product_v1,synthetic_user_v1,42,2026-01-01T00:12:52Z
synthetic-user-v1-000774,Curious Generalist,,0.0,0.4492,0.4955,0.8188,0.4877,0.7982,0.7477,0.4004,0.5743,0.8636,14.1142,medium,0.4109,0.7647,0.6376,0.6889,0.5397,regular,synthetic_product_v1,synthetic_user_v1,42,2026-01-01T00:12:53Z
synthetic-user-v1-000775,Eclectic Browser,Nature Explorer,0.3856,0.4626,0.5472,0.8789,0.5105,0.4597,0.5916,0.6381,0.4399,0.514,14.8542,medium,0.6691,0.1133,0.5002,0.6177,0.785,regular,synthetic_product_v1,synthetic_user_v1,42,2026-01-01T00:12:54Z
synthetic-user-v1-000776,Space Enthusiast,Power Seeker,0.2442,0.4647,0.4815,0.7247,0.4566,0.7332,0.5728,0.4727,0.6818,0.8498,18.0969,high,0.4399,0.6606,0.8673,0.6056,0.4656,regular,synthetic_product_v1,synthetic_user_v1,42,2026-01-01T00:12:55Z
synthetic-user-v1-000777,History Collector,,0.0,0.3693,0.5227,0.4027,0.7765,0.2168,0.4673,0.5171,0.1142,0.598,12.9574,medium,0.8609,0.1732,0.1518,0.1585,0.3474,casual,synthetic_product_v1,synthetic_user_v1,42,2026-01-01T00:12:56Z
synthetic-user-v1-000778,Power Seeker,,0.0,0.5741,0.4203,0.4931,0.2774,0.7459,0.457,0.684,0.3399,0.948,17.9504,high,0.1272,0.5604,0.8463,0.7911,0.7762,regular,synthetic_product_v1,synthetic_user_v1,42,2026-01-01T00:12:57Z
synthetic-user-v1-000779,Curious Generalist,Space Enthusiast,0.2904,0.5492,0.3877,0.5608,0.6088,0.3043,0.5359,0.5218,0.553,0.5481,16.6602,high,1.0,0.4416,0.6847,0.6545,0.1385,casual,synthetic_product_v1,synthetic_user_v1,42,2026-01-01T00:12:58Z
synthetic-user-v1-000780,Tech Futurist,,0.0,0.2969,0.6942,0.4624,0.5011,0.8501,0.3047,0.3307,0.5308,0.6045,12.6761,medium,0.8771,0.8094,0.4965,0.5784,0.5657,regular,synthetic_product_v1,synthetic_user_v1,42,2026-01-01T00:12:59Z
synthetic-user-v1-000781,Space Enthusiast,,0.0,0.4365,0.9104,0.7381,0.5171,0.5448,0.4851,0.3938,0.8887,0.4219,16.1614,high,0.2905,0.6818,0.8227,0.8467,0.981,heavy,synthetic_product_v1,synthetic_user_v1,42,2026-01-01T00:13:00Z
synthetic-user-v1-000782,Nature Explorer,History Collector,0.3205,0.3133,0.72,0.7162,0.5748,0.577,0.4865,0.2668,0.1698,0.4654,14.1004,medium,0.7392,0.6419,0.6695,0.4892,0.7905,regular,synthetic_product_v1,synthetic_user_v1,42,2026-01-01T00:13:01Z
synthetic-user-v1-000783,Curious Generalist,Eclectic Browser,0.3002,0.6504,0.4227,0.7337,0.6641,0.5999,0.4442,0.4184,0.4042,0.5859,11.2299,medium,0.6335,0.5256,0.5658,0.4338,0.278,casual,synthetic_product_v1,synthetic_user_v1,42,2026-01-01T00:13:02Z
synthetic-user-v1-000784,Tech Futurist,,0.0,0.4509,0.6665,0.8493,0.1674,0.8365,0.3054,0.1978,0.4201,0.3084,8.7635,low,0.1587,0.571,0.3366,0.3516,0.6741,regular,synthetic_product_v1,synthetic_user_v1,42,2026-01-01T00:13:03Z
synthetic-user-v1-000785,Tech Futurist,,0.0,0.4766,0.9561,0.9077,0.624,0.9006,0.3311,0.864,0.7006,0.6833,11.7547,medium,0.3843,0.5979,0.6777,0.1979,0.7657,regular,synthetic_product_v1,synthetic_user_v1,42,2026-01-01T00:13:04Z
synthetic-user-v1-000786,Eclectic Browser,History Collector,0.29,0.5434,0.3248,0.5026,0.7774,0.7151,0.4792,0.5899,0.7408,0.3616,14.9444,medium,0.4177,0.3112,0.8467,0.6815,0.8417,heavy,synthetic_product_v1,synthetic_user_v1,42,2026-01-01T00:13:05Z
synthetic-user-v1-000787,Power Seeker,,0.0,0.6726,0.7097,0.5929,0.423,0.4455,0.5258,0.8314,0.2599,0.9248,17.629,high,0.6391,0.6309,0.4135,1.0,0.559,regular,synthetic_product_v1,synthetic_user_v1,42,2026-01-01T00:13:06Z
synthetic-user-v1-000788,History Collector,Fantasy Lover,0.2387,0.3843,0.7364,0.5224,0.8743,0.3379,0.4359,0.3739,0.3702,0.5984,15.8426,high,0.3806,0.6138,0.1368,0.3789,0.4347,regular,synthetic_product_v1,synthetic_user_v1,42,2026-01-01T00:13:07Z
synthetic-user-v1-000789,Luxury Collector,Curious Generalist,0.3602,0.0999,0.5775,0.6035,0.4009,0.2583,0.4388,0.2368,0.337,0.0101,16.0927,high,0.8512,0.5825,0.5895,0.307,0.6617,regular,synthetic_product_v1,synthetic_user_v1,42,2026-01-01T00:13:08Z
synthetic-user-v1-000790,Thrill Seeker,History Collector,0.2186,0.5372,0.3574,0.7987,0.5737,0.4848,0.6945,0.3966,0.1985,0.6361,12.29,medium,0.1405,0.4197,0.7452,0.8166,0.6083,regular,synthetic_product_v1,synthetic_user_v1,42,2026-01-01T00:13:09Z
synthetic-user-v1-000791,Luxury Collector,Curious Generalist,0.2531,0.3067,0.7904,0.148,0.669,0.6563,0.3629,0.6432,0.4908,0.7785,14.0451,medium,0.5123,0.8537,0.3018,0.0,0.8181,heavy,synthetic_product_v1,synthetic_user_v1,42,2026-01-01T00:13:10Z
synthetic-user-v1-000792,Power Seeker,,0.0,0.5493,0.5052,0.8469,0.2458,0.5103,0.5291,0.3664,0.3209,0.6158,18.8981,high,0.3804,0.5038,0.3707,1.0,0.5171,regular,synthetic_product_v1,synthetic_user_v1,42,2026-01-01T00:13:11Z
synthetic-user-v1-000793,Thrill Seeker,,0.0,1.0,0.336,0.9431,0.3878,0.5194,0.5029,0.5314,0.198,0.8129,9.7518,low,0.2223,0.5068,0.8073,0.6367,0.8936,heavy,synthetic_product_v1,synthetic_user_v1,42,2026-01-01T00:13:12Z
synthetic-user-v1-000794,Space Enthusiast,,0.0,0.4602,0.4345,0.7897,0.4632,0.7065,0.1351,0.3934,0.987,0.6362,22.9635,ultra_high,0.4637,0.4845,0.5758,0.4584,0.4466,regular,synthetic_product_v1,synthetic_user_v1,42,2026-01-01T00:13:13Z
synthetic-user-v1-000795,Nature Explorer,,0.0,0.5464,0.4593,0.755,0.3518,0.4859,0.8247,0.0421,0.5245,0.4501,16.5124,high,0.7063,0.2684,0.8749,0.4518,0.644,regular,synthetic_product_v1,synthetic_user_v1,42,2026-01-01T00:13:14Z
synthetic-user-v1-000796,Curious Generalist,,0.0,0.5329,0.7292,0.6306,0.4497,0.5233,0.8156,0.4556,0.1833,0.1423,16.3757,high,0.9144,0.9342,0.4866,0.706,0.5515,regular,synthetic_product_v1,synthetic_user_v1,42,2026-01-01T00:13:15Z
synthetic-user-v1-000797,Tech Futurist,,0.0,0.3499,0.7429,1.0,0.435,0.8482,0.3395,0.0,0.2329,0.4164,9.3341,low,0.5984,0.168,1.0,0.7394,0.659,regular,synthetic_product_v1,synthetic_user_v1,42,2026-01-01T00:13:16Z
synthetic-user-v1-000798,Eclectic Browser,,0.0,0.7142,0.2019,0.6507,0.4674,0.6173,0.4725,0.5232,0.396,0.3753,18.3725,high,0.4419,0.4374,0.9794,0.3431,0.7996,regular,synthetic_product_v1,synthetic_user_v1,42,2026-01-01T00:13:17Z
synthetic-user-v1-000799,Power Seeker,,0.0,0.7258,0.4799,0.5068,0.4726,0.5054,0.2642,0.591,0.3303,1.0,18.2506,high,0.425,0.7421,0.5141,0.9537,0.5882,regular,synthetic_product_v1,synthetic_user_v1,42,2026-01-01T00:13:18Z
synthetic-user-v1-000800,Tech Futurist,Eclectic Browser,0.3996,0.6219,0.728,0.9125,0.3728,0.887,0.3576,0.587,0.3387,0.631,17.031,high,0.3448,0.3535,0.5483,0.8273,0.506,regular,synthetic_product_v1,synthetic_user_v1,42,2026-01-01T00:13:19Z
synthetic-user-v1-000801,Thrill Seeker,,0.0,0.7853,0.2934,0.6261,0.4133,0.7725,0.7128,0.4926,0.23,0.8183,8.4071,low,0.2106,0.5878,0.5905,0.9529,1.0,heavy,synthetic_product_v1,synthetic_user_v1,42,2026-01-01T00:13:20Z
synthetic-user-v1-000802,Fantasy Lover,,0.0,0.3077,0.3407,0.3819,0.4831,0.0279,0.4901,1.0,0.3824,0.7843,17.1034,high,0.4218,0.5655,0.7972,0.7551,0.7331,regular,synthetic_product_v1,synthetic_user_v1,42,2026-01-01T00:13:21Z
synthetic-user-v1-000803,Fantasy Lover,,0.0,0.5313,0.6659,0.7389,0.5206,0.5011,0.3688,0.7481,0.5044,0.6408,13.2039,medium,0.0,0.5504,0.7572,0.4026,0.5942,regular,synthetic_product_v1,synthetic_user_v1,42,2026-01-01T00:13:22Z
synthetic-user-v1-000804,Curious Generalist,,0.0,0.2138,0.5066,0.7775,0.3097,0.4816,0.6248,0.4629,0.512,0.2826,22.0037,ultra_high,0.4177,0.4694,0.8687,0.4755,0.6639,regular,synthetic_product_v1,synthetic_user_v1,42,2026-01-01T00:13:23Z
synthetic-user-v1-000805,Luxury Collector,Curious Generalist,0.2815,0.1728,0.5713,0.2671,0.6298,0.8111,0.2981,0.3985,0.3349,0.5123,20.1793,ultra_high,0.6103,0.6908,0.2987,0.3957,0.3255,casual,synthetic_product_v1,synthetic_user_v1,42,2026-01-01T00:13:24Z
synthetic-user-v1-000806,Eclectic Browser,Nature Explorer,0.2009,0.8997,0.4906,0.7963,0.5314,0.3972,0.6823,0.5405,0.766,0.6887,8.7263,low,0.4921,0.468,1.0,0.3411,0.5752,regular,synthetic_product_v1,synthetic_user_v1,42,2026-01-01T00:13:25Z
synthetic-user-v1-000807,History Collector,,0.0,0.4448,0.4139,0.4229,0.7197,0.1668,0.4045,0.1166,0.1501,0.774,11.102,medium,0.8562,0.5461,0.616,0.5211,0.218,casual,synthetic_product_v1,synthetic_user_v1,42,2026-01-01T00:13:26Z
synthetic-user-v1-000808,Thrill Seeker,,0.0,0.8851,0.4251,0.9229,0.6201,0.6965,0.6084,0.3433,0.3476,0.869,13.1636,medium,0.2565,0.291,0.7541,0.6556,0.8614,heavy,synthetic_product_v1,synthetic_user_v1,42,2026-01-01T00:13:27Z
synthetic-user-v1-000809,Thrill Seeker,,0.0,0.788,0.2068,0.8226,0.3629,0.752,0.8801,0.4966,0.363,0.7844,7.2,low,0.3984,0.4753,0.5774,0.4402,0.6858,regular,synthetic_product_v1,synthetic_user_v1,42,2026-01-01T00:13:28Z
synthetic-user-v1-000810,Thrill Seeker,,0.0,0.8691,0.2371,0.7276,0.1087,0.2952,0.5765,0.4952,0.5094,1.0,9.3146,low,0.698,0.5056,0.8471,0.4854,0.6616,regular,synthetic_product_v1,synthetic_user_v1,42,2026-01-01T00:13:29Z
synthetic-user-v1-000811,Nature Explorer,Eclectic Browser,0.2325,0.3816,0.5707,0.5996,0.3824,0.6139,0.7929,0.283,0.5138,0.3098,15.733,high,0.748,0.3971,0.6049,0.4846,0.7617,regular,synthetic_product_v1,synthetic_user_v1,42,2026-01-01T00:13:30Z
synthetic-user-v1-000812,Power Seeker,,0.0,0.882,0.6192,0.5805,0.5946,0.545,0.225,0.2551,0.1655,0.8897,15.2319,high,0.3175,0.73,0.4151,0.725,0.818,heavy,synthetic_product_v1,synthetic_user_v1,42,2026-01-01T00:13:31Z
synthetic-user-v1-000813,Luxury Collector,,0.0,0.6918,0.8411,0.4815,0.4666,0.701,0.0595,0.5237,0.3285,0.7386,13.1376,medium,0.5244,0.8582,0.4983,0.6617,0.387,regular,synthetic_product_v1,synthetic_user_v1,42,2026-01-01T00:13:32Z
synthetic-user-v1-000814,Power Seeker,,0.0,0.6638,0.5909,0.6109,0.5513,0.4298,0.307,0.825,0.3547,1.0,20.8855,ultra_high,0.4005,0.6581,0.4209,0.9152,0.7014,regular,synthetic_product_v1,synthetic_user_v1,42,2026-01-01T00:13:33Z
synthetic-user-v1-000815,Thrill Seeker,Nature Explorer,0.3699,1.0,0.3542,0.5724,0.5211,0.3943,0.5531,0.5175,0.3903,0.6857,12.7163,medium,0.4562,0.393,0.6916,1.0,0.8427,heavy,synthetic_product_v1,synthetic_user_v1,42,2026-01-01T00:13:34Z
synthetic-user-v1-000816,Fantasy Lover,,0.0,0.8335,0.5258,0.7948,0.2925,0.2524,0.4047,0.8941,0.2181,0.9306,12.2016,medium,0.7133,0.6565,0.9941,0.4099,0.1324,casual,synthetic_product_v1,synthetic_user_v1,42,2026-01-01T00:13:35Z
synthetic-user-v1-000817,Curious Generalist,,0.0,0.6949,0.3999,0.7514,0.616,0.6455,0.4717,0.5609,0.431,0.4086,18.7722,high,0.6141,0.5652,0.6645,0.5258,0.6023,regular,synthetic_product_v1,synthetic_user_v1,42,2026-01-01T00:13:36Z
synthetic-user-v1-000818,Fantasy Lover,,0.0,0.5203,0.4968,0.7624,0.6856,0.6686,0.4554,0.796,0.2684,0.7684,16.0572,high,0.7261,0.7199,0.3743,0.6299,0.3925,regular,synthetic_product_v1,synthetic_user_v1,42,2026-01-01T00:13:37Z
synthetic-user-v1-000819,Luxury Collector,Thrill Seeker,0.2477,0.2536,0.8909,0.7681,0.3824,0.4412,0.1647,0.3523,0.3854,0.4528,18.2672,high,0.7888,0.6942,0.4339,0.5432,0.2132,casual,synthetic_product_v1,synthetic_user_v1,42,2026-01-01T00:13:38Z
synthetic-user-v1-000820,Curious Generalist,,0.0,0.4729,0.5031,0.8398,0.7127,0.3597,0.5231,0.728,0.5589,0.5407,10.3142,low,0.4602,0.3299,0.7634,0.2378,0.389,regular,synthetic_product_v1,synthetic_user_v1,42,2026-01-01T00:13:39Z
synthetic-user-v1-000821,Nature Explorer,,0.0,0.4619,0.6321,0.6346,0.6005,0.3393,0.8979,0.0,0.6047,0.487,13.9461,medium,0.6123,0.5632,0.8982,0.2236,0.7136,regular,synthetic_product_v1,synthetic_user_v1,42,2026-01-01T00:13:40Z
synthetic-user-v1-000822,Eclectic Browser,,0.0,0.6557,0.6394,0.8844,0.5897,0.6673,0.7245,0.5778,0.4226,0.5548,11.924,medium,0.5748,0.6219,0.9212,0.8539,0.3562,regular,synthetic_product_v1,synthetic_user_v1,42,2026-01-01T00:13:41Z
synthetic-user-v1-000823,Tech Futurist,,0.0,0.4884,0.7652,0.7424,0.4001,1.0,0.3034,0.7108,0.5962,0.805,14.2158,medium,0.6804,0.6828,0.5727,0.4914,0.5748,regular,synthetic_product_v1,synthetic_user_v1,42,2026-01-01T00:13:42Z
synthetic-user-v1-000824,Tech Futurist,Thrill Seeker,0.2131,0.7289,0.4154,0.7863,0.3608,0.8927,0.5689,0.1775,0.5743,0.6346,9.8032,low,0.7113,0.8433,0.5315,0.3741,0.6438,regular,synthetic_product_v1,synthetic_user_v1,42,2026-01-01T00:13:43Z
synthetic-user-v1-000825,Thrill Seeker,,0.0,0.6527,0.3468,0.8176,0.4196,0.3955,0.709,0.699,0.5653,0.6128,11.2327,medium,0.319,0.5426,0.7172,0.9426,0.6466,regular,synthetic_product_v1,synthetic_user_v1,42,2026-01-01T00:13:44Z
synthetic-user-v1-000826,History Collector,Thrill Seeker,0.3712,0.4894,0.2589,0.4378,0.8704,0.2859,0.5576,0.4004,0.4297,0.5876,15.0888,high,0.6506,0.426,0.41,0.3998,0.2276,casual,synthetic_product_v1,synthetic_user_v1,42,2026-01-01T00:13:45Z
synthetic-user-v1-000827,History Collector,,0.0,0.3908,0.5588,0.5915,0.6798,0.1757,0.3275,0.5802,0.1895,0.4527,18.796,high,0.3782,0.2692,0.6971,0.1001,0.1718,casual,synthetic_product_v1,synthetic_user_v1,42,2026-01-01T00:13:46Z
synthetic-user-v1-000828,Curious Generalist,,0.0,0.7113,0.3603,0.6273,0.2938,0.4264,0.8013,0.7155,0.5176,0.8589,15.3638,high,0.6237,0.5482,0.4635,0.0,0.7282,regular,synthetic_product_v1,synthetic_user_v1,42,2026-01-01T00:13:47Z
synthetic-user-v1-000829,Nature Explorer,,0.0,0.6323,0.5772,0.6342,0.5508,0.2655,1.0,0.0,0.6164,0.2908,7.5699,low,0.5576,0.5696,0.6056,0.5064,0.6524,regular,synthetic_product_v1,synthetic_user_v1,42,2026-01-01T00:13:48Z
synthetic-user-v1-000830,Thrill Seeker,,0.0,0.9373,0.4115,0.3625,0.33,0.6616,0.6036,0.5353,0.3919,0.4918,14.612,medium,0.6182,0.4444,0.8029,0.7603,0.6067,regular,synthetic_product_v1,synthetic_user_v1,42,2026-01-01T00:13:49Z
synthetic-user-v1-000831,Fantasy Lover,,0.0,0.5771,0.7677,0.967,0.4801,0.5955,0.2532,0.7801,0.2868,0.6487,7.2,low,0.3273,0.6382,0.973,0.576,0.2896,casual,synthetic_product_v1,synthetic_user_v1,42,2026-01-01T00:13:50Z
synthetic-user-v1-000832,Power Seeker,History Collector,0.2395,0.649,0.6185,0.6659,0.3647,0.5691,0.6915,0.5599,0.3673,0.6501,18.7101,high,0.4026,0.5151,0.3004,0.3697,0.3457,casual,synthetic_product_v1,synthetic_user_v1,42,2026-01-01T00:13:51Z
synthetic-user-v1-000833,Thrill Seeker,Fantasy Lover,0.2015,0.6663,0.5882,0.6006,0.0423,0.665,0.7391,0.5486,0.4577,0.8256,12.8636,medium,0.1419,0.2328,0.7109,0.6037,0.7543,regular,synthetic_product_v1,synthetic_user_v1,42,2026-01-01T00:13:52Z
synthetic-user-v1-000834,Nature Explorer,,0.0,0.1087,0.6675,0.4082,0.8121,0.2474,1.0,0.7586,0.1473,0.4576,15.5225,high,0.3508,0.1444,0.6945,0.5327,0.5356,regular,synthetic_product_v1,synthetic_user_v1,42,2026-01-01T00:13:53Z
synthetic-user-v1-000835,Eclectic Browser,Curious Generalist,0.2393,0.4832,0.7713,0.6127,0.5049,0.3014,0.4207,0.6157,0.5713,0.5467,11.3074,medium,0.2697,0.2744,0.9803,0.4939,0.8039,heavy,synthetic_product_v1,synthetic_user_v1,42,2026-01-01T00:13:54Z
synthetic-user-v1-000836,Curious Generalist,History Collector,0.3078,0.1765,0.5857,0.6719,0.7905,0.3604,0.2606,0.2631,0.417,0.7456,12.5211,medium,0.5396,0.7114,0.744,0.5746,0.7394,regular,synthetic_product_v1,synthetic_user_v1,42,2026-01-01T00:13:55Z
synthetic-user-v1-000837,Curious Generalist,,0.0,0.5639,0.4423,0.6568,0.4132,0.3933,0.384,0.4664,0.4365,0.5034,10.7889,low,0.383,0.624,0.7944,0.5083,0.5378,regular,synthetic_product_v1,synthetic_user_v1,42,2026-01-01T00:13:56Z
synthetic-user-v1-000838,Power Seeker,,0.0,0.6377,0.6719,0.3684,0.3642,0.2528,0.4087,0.4841,0.5742,1.0,17.6962,high,0.2173,0.4894,0.496,0.5178,0.5939,regular,synthetic_product_v1,synthetic_user_v1,42,2026-01-01T00:13:57Z
synthetic-user-v1-000839,Curious Generalist,,0.0,0.467,0.4861,0.3334,0.2115,0.6099,0.5447,0.4156,0.6044,0.8058,18.9023,high,0.2984,0.5449,0.7457,0.5841,0.3665,regular,synthetic_product_v1,synthetic_user_v1,42,2026-01-01T00:13:58Z
synthetic-user-v1-000840,Tech Futurist,,0.0,0.2799,0.396,0.777,0.404,0.8359,0.4222,0.6425,0.1881,0.6375,11.677,medium,0.277,0.6009,0.6948,0.5473,0.8063,heavy,synthetic_product_v1,synthetic_user_v1,42,2026-01-01T00:13:59Z
synthetic-user-v1-000841,Tech Futurist,,0.0,0.5974,0.4775,0.7049,0.2978,0.849,0.1734,0.4916,0.5961,0.7583,15.1611,high,0.2726,0.7826,0.6299,0.6942,0.6836,regular,synthetic_product_v1,synthetic_user_v1,42,2026-01-01T00:14:00Z
synthetic-user-v1-000842,Curious Generalist,Power Seeker,0.3459,0.6006,0.5182,0.6122,0.3456,0.5612,0.5051,0.7407,0.3323,0.5408,7.7763,low,0.5962,0.2405,1.0,0.3656,1.0,heavy,synthetic_product_v1,synthetic_user_v1,42,2026-01-01T00:14:01Z
synthetic-user-v1-000843,Luxury Collector,,0.0,0.3598,0.9102,0.6978,0.2523,0.5609,0.3285,0.1491,0.3199,0.8458,14.005,medium,0.8681,0.9713,0.2791,0.1234,0.4487,regular,synthetic_product_v1,synthetic_user_v1,42,2026-01-01T00:14:02Z
synthetic-user-v1-000844,Thrill Seeker,,0.0,0.8167,0.4206,0.845,0.2995,0.3789,0.5231,0.3106,0.3917,0.9889,13.411,medium,0.1462,0.1996,0.4833,0.7808,0.8413,heavy,synthetic_product_v1,synthetic_user_v1,42,2026-01-01T00:14:03Z
synthetic-user-v1-000845,History Collector,,0.0,0.3325,0.8058,0.8463,0.9227,0.3434,0.4155,0.3264,0.0,0.4819,17.0918,high,0.6247,0.3795,0.3923,0.0,0.573,regular,synthetic_product_v1,synthetic_user_v1,42,2026-01-01T00:14:04Z
synthetic-user-v1-000846,Nature Explorer,,0.0,0.7056,0.594,0.9421,0.387,0.3745,0.952,0.2266,0.4115,0.2518,9.9447,low,0.6578,0.4583,0.9131,0.1381,0.7552,regular,synthetic_product_v1,synthetic_user_v1,42,2026-01-01T00:14:05Z
synthetic-user-v1-000847,History Collector,,0.0,0.2452,0.7059,0.6034,0.572,0.0,0.4669,0.0301,0.1724,0.6633,16.8024,high,0.7493,0.3594,0.1741,0.3877,0.5437,regular,synthetic_product_v1,synthetic_user_v1,42,2026-01-01T00:14:06Z
synthetic-user-v1-000848,Nature Explorer,,0.0,0.3476,0.526,0.784,0.402,0.0536,0.8091,0.4118,0.0259,0.1128,11.9782,medium,0.7161,0.8153,0.773,0.2625,0.7077,regular,synthetic_product_v1,synthetic_user_v1,42,2026-01-01T00:14:07Z
synthetic-user-v1-000849,Power Seeker,,0.0,0.3867,0.4473,0.8259,0.6594,0.6511,0.1485,0.7629,0.5752,0.7079,19.4434,high,0.2325,1.0,0.5767,0.7249,0.7169,regular,synthetic_product_v1,synthetic_user_v1,42,2026-01-01T00:14:08Z
synthetic-user-v1-000850,Eclectic Browser,,0.0,0.65,0.414,0.704,0.0974,0.0729,0.7285,0.6399,0.6125,0.5839,19.318,high,0.4759,0.2696,1.0,0.433,0.8107,heavy,synthetic_product_v1,synthetic_user_v1,42,2026-01-01T00:14:09Z
synthetic-user-v1-000851,Tech Futurist,Thrill Seeker,0.3717,0.6711,0.2693,0.7258,0.3357,0.818,0.3612,0.7027,0.4851,0.5571,11.6057,medium,0.6122,0.7247,0.4531,0.8344,0.4243,regular,synthetic_product_v1,synthetic_user_v1,42,2026-01-01T00:14:10Z
synthetic-user-v1-000852,Thrill Seeker,,0.0,0.8901,0.2975,0.5978,0.2813,0.1847,0.2853,0.2092,0.6787,0.555,14.846,medium,0.0773,0.6153,0.5277,1.0,0.5168,regular,synthetic_product_v1,synthetic_user_v1,42,2026-01-01T00:14:11Z
synthetic-user-v1-000853,Power Seeker,Eclectic Browser,0.3617,0.7947,0.4109,0.5933,0.4451,0.5232,0.5863,0.424,0.4524,0.8543,18.7711,high,0.2976,0.7218,0.3332,0.7782,0.7684,regular,synthetic_product_v1,synthetic_user_v1,42,2026-01-01T00:14:12Z
synthetic-user-v1-000854,Eclectic Browser,Tech Futurist,0.2903,0.7631,0.4383,0.8578,0.7542,0.8541,0.3855,0.2446,0.474,0.7767,10.8463,low,0.5885,0.2571,0.8486,0.4013,0.8243,heavy,synthetic_product_v1,synthetic_user_v1,42,2026-01-01T00:14:13Z
synthetic-user-v1-000855,Thrill Seeker,,0.0,0.7345,0.5244,0.7525,0.2723,0.4524,0.5453,0.6322,0.5816,0.7967,11.5992,medium,0.8215,0.3397,0.7246,0.4988,0.8922,heavy,synthetic_product_v1,synthetic_user_v1,42,2026-01-01T00:14:14Z
synthetic-user-v1-000856,Eclectic Browser,Curious Generalist,0.2773,0.7688,0.4836,0.6208,0.5941,0.5084,0.8203,0.4951,0.5269,0.7076,18.0113,high,0.2667,0.4201,1.0,0.7572,0.7213,regular,synthetic_product_v1,synthetic_user_v1,42,2026-01-01T00:14:15Z
synthetic-user-v1-000857,Curious Generalist,,0.0,0.5188,0.3008,0.6888,0.606,0.3963,0.5108,0.5099,0.4341,0.5569,20.8799,ultra_high,0.5573,0.4382,0.7083,0.4118,0.7704,regular,synthetic_product_v1,synthetic_user_v1,42,2026-01-01T00:14:16Z
synthetic-user-v1-000858,Tech Futurist,,0.0,0.6538,0.258,0.6447,0.3822,0.9072,0.3158,0.5541,0.4613,0.5877,11.3624,medium,0.4006,0.3795,0.8049,0.5864,0.4489,regular,synthetic_product_v1,synthetic_user_v1,42,2026-01-01T00:14:17Z
synthetic-user-v1-000859,Nature Explorer,,0.0,0.3839,0.1017,0.5974,0.5788,0.802,0.9319,0.5113,0.3392,0.636,16.8482,high,0.3543,0.1342,0.5016,0.2057,0.5215,regular,synthetic_product_v1,synthetic_user_v1,42,2026-01-01T00:14:18Z
synthetic-user-v1-000860,History Collector,,0.0,0.3115,0.6217,0.7144,0.7085,0.2076,0.4694,0.141,0.4154,0.5292,18.4263,high,0.483,0.3922,0.049,0.638,0.3433,casual,synthetic_product_v1,synthetic_user_v1,42,2026-01-01T00:14:19Z
synthetic-user-v1-000861,Tech Futurist,Fantasy Lover,0.3131,0.4261,0.8383,0.8984,0.2556,0.7901,0.0144,0.8693,0.3257,0.8902,16.61,high,0.3636,0.6694,0.3342,0.2969,0.6649,regular,synthetic_product_v1,synthetic_user_v1,42,2026-01-01T00:14:20Z
synthetic-user-v1-000862,Fantasy Lover,,0.0,0.6379,0.7702,0.7953,0.6823,0.3794,0.4886,1.0,0.1596,0.7242,15.3404,high,0.511,0.6315,0.1206,0.3254,0.3676,regular,synthetic_product_v1,synthetic_user_v1,42,2026-01-01T00:14:21Z
synthetic-user-v1-000863,Eclectic Browser,Tech Futurist,0.2652,0.371,0.2232,0.5124,0.1684,0.4099,0.4688,0.5191,0.5175,0.6434,12.7699,medium,0.4634,0.258,0.9659,1.0,0.8255,heavy,synthetic_product_v1,synthetic_user_v1,42,2026-01-01T00:14:22Z
synthetic-user-v1-000864,Space Enthusiast,,0.0,0.4602,0.5239,0.7359,0.4742,0.3962,0.2742,0.5009,0.7734,0.5551,19.7942,high,0.1846,0.5066,0.4776,0.6837,0.5024,regular,synthetic_product_v1,synthetic_user_v1,42,2026-01-01T00:14:23Z
synthetic-user-v1-000865,Fantasy Lover,,0.0,0.5928,0.761,0.7463,0.4121,0.5106,0.0706,0.9,0.0312,0.6235,14.5043,medium,0.4057,0.6926,0.4002,0.4787,0.6109,regular,synthetic_product_v1,synthetic_user_v1,42,2026-01-01T00:14:24Z
synthetic-user-v1-000866,Nature Explorer,,0.0,0.514,0.4251,0.3118,0.433,0.6194,1.0,0.0606,0.4872,0.7294,16.9532,high,0.3536,0.3287,0.8693,0.2708,0.5916,regular,synthetic_product_v1,synthetic_user_v1,42,2026-01-01T00:14:25Z
synthetic-user-v1-000867,Eclectic Browser,,0.0,0.9116,0.799,0.6184,0.55,0.6515,0.6212,0.3726,0.3573,0.5862,14.3894,medium,0.398,0.7243,0.9097,0.827,0.8244,heavy,synthetic_product_v1,synthetic_user_v1,42,2026-01-01T00:14:26Z
synthetic-user-v1-000868,Curious Generalist,Fantasy Lover,0.2109,0.6193,0.4527,0.6958,0.439,0.4073,0.3437,0.5001,0.3707,0.6167,14.2343,medium,0.5435,0.5826,0.4754,0.4864,0.424,regular,synthetic_product_v1,synthetic_user_v1,42,2026-01-01T00:14:27Z
synthetic-user-v1-000869,Eclectic Browser,History Collector,0.2116,0.8496,0.4212,0.6212,0.2962,0.4417,0.5997,0.5741,0.5085,0.6455,10.2647,low,0.4732,0.305,0.8487,0.6932,0.4081,regular,synthetic_product_v1,synthetic_user_v1,42,2026-01-01T00:14:28Z
synthetic-user-v1-000870,History Collector,,0.0,0.408,0.4602,0.3565,0.8663,0.5004,0.3046,0.3503,0.3362,0.5932,17.1389,high,1.0,0.2583,0.2681,0.6014,0.5651,regular,synthetic_product_v1,synthetic_user_v1,42,2026-01-01T00:14:29Z
synthetic-user-v1-000871,Space Enthusiast,Fantasy Lover,0.3832,0.373,0.6643,0.8804,0.3393,0.6902,0.9582,0.7507,0.521,0.7025,21.3494,ultra_high,0.5115,0.2835,0.7784,0.6235,0.4779,regular,synthetic_product_v1,synthetic_user_v1,42,2026-01-01T00:14:30Z
synthetic-user-v1-000872,Power Seeker,,0.0,0.6521,0.2002,0.5148,0.406,0.6231,0.101,0.6592,0.3084,0.8416,14.4663,medium,0.4222,0.8865,0.7736,0.8382,0.4909,regular,synthetic_product_v1,synthetic_user_v1,42,2026-01-01T00:14:31Z
synthetic-user-v1-000873,Thrill Seeker,Curious Generalist,0.3946,0.8304,0.5353,0.8101,0.3952,0.5297,0.701,0.6125,0.527,0.7359,12.5436,medium,0.357,0.4054,0.6445,0.833,0.39,regular,synthetic_product_v1,synthetic_user_v1,42,2026-01-01T00:14:32Z
synthetic-user-v1-000874,Luxury Collector,Eclectic Browser,0.3756,0.4424,0.899,0.4935,0.5896,0.4443,0.5438,0.7066,0.5407,0.5851,11.8177,medium,0.2525,0.7359,0.2369,0.2494,0.3862,regular,synthetic_product_v1,synthetic_user_v1,42,2026-01-01T00:14:33Z
synthetic-user-v1-000875,Eclectic Browser,,0.0,0.7305,0.2107,0.3826,0.3999,0.6178,0.4884,0.5416,0.4227,0.6834,15.3941,high,0.0,0.7926,0.8653,0.3094,0.6608,regular,synthetic_product_v1,synthetic_user_v1,42,2026-01-01T00:14:34Z
synthetic-user-v1-000876,Curious Generalist,,0.0,0.3652,0.3126,0.1522,0.2822,0.5914,0.2209,0.7268,0.4944,0.7024,14.8153,medium,0.5977,0.3845,0.8945,0.4835,0.4504,regular,synthetic_product_v1,synthetic_user_v1,42,2026-01-01T00:14:35Z
synthetic-user-v1-000877,Power Seeker,Space Enthusiast,0.2361,0.5317,0.5024,0.9279,0.8757,0.4743,0.2272,0.6467,0.5526,1.0,18.0071,high,0.1215,0.721,0.4867,0.4466,0.579,regular,synthetic_product_v1,synthetic_user_v1,42,2026-01-01T00:14:36Z
synthetic-user-v1-000878,Power Seeker,Space Enthusiast,0.2655,0.3186,0.4624,0.767,0.4158,0.5539,0.2093,0.3484,0.5318,0.9688,16.5813,high,0.2672,0.6706,0.6369,1.0,0.556,regular,synthetic_product_v1,synthetic_user_v1,42,2026-01-01T00:14:37Z
synthetic-user-v1-000879,Luxury Collector,Nature Explorer,0.3597,0.6045,0.62,0.6333,0.8616,0.1752,0.6894,0.39,0.2503,0.8038,15.6622,high,0.8074,0.8602,0.1368,0.2702,0.3969,regular,synthetic_product_v1,synthetic_user_v1,42,2026-01-01T00:14:38Z
synthetic-user-v1-000880,Space Enthusiast,Fantasy Lover,0.2904,0.495,0.3902,0.6699,0.5397,0.2415,0.4011,0.3384,0.6406,0.6877,22.9047,ultra_high,0.3231,0.6555,0.6515,0.1596,0.4584,regular,synthetic_product_v1,synthetic_user_v1,42,2026-01-01T00:14:39Z
synthetic-user-v1-000881,Fantasy Lover,Luxury Collector,0.255,0.5691,0.2347,0.8916,0.598,0.5675,0.3441,0.6161,0.3036,0.7963,15.3918,high,0.3356,0.4996,0.558,0.6586,0.7142,regular,synthetic_product_v1,synthetic_user_v1,42,2026-01-01T00:14:40Z
synthetic-user-v1-000882,Eclectic Browser,,0.0,0.4586,0.2339,0.7102,0.5297,0.3692,0.5676,0.5947,0.3997,0.3799,15.7576,high,0.3278,0.1288,0.6329,0.2356,0.4935,regular,synthetic_product_v1,synthetic_user_v1,42,2026-01-01T00:14:41Z
synthetic-user-v1-000883,Nature Explorer,,0.0,0.261,0.5443,0.533,0.6338,0.5123,0.937,0.4692,0.6485,0.619,16.9411,high,0.4899,0.4401,0.9198,0.1859,0.6754,regular,synthetic_product_v1,synthetic_user_v1,42,2026-01-01T00:14:42Z
synthetic-user-v1-000884,Fantasy Lover,Tech Futurist,0.2371,0.5726,0.5731,1.0,0.3427,0.2335,0.5071,0.5267,0.4104,0.5712,15.5115,high,0.6518,0.3839,0.8062,0.693,0.4475,regular,synthetic_product_v1,synthetic_user_v1,42,2026-01-01T00:14:43Z
synthetic-user-v1-000885,Nature Explorer,Fantasy Lover,0.2373,0.4998,0.1672,0.7349,0.4386,0.4461,0.7028,0.5316,0.3236,0.6495,11.794,medium,0.4462,0.1365,0.548,0.6978,0.5337,regular,synthetic_product_v1,synthetic_user_v1,42,2026-01-01T00:14:44Z
synthetic-user-v1-000886,Eclectic Browser,,0.0,0.7702,0.6979,0.8559,0.4552,0.5867,0.4522,0.4464,0.9264,0.4639,14.5032,medium,0.3659,0.6681,0.6771,0.2421,0.6485,regular,synthetic_product_v1,synthetic_user_v1,42,2026-01-01T00:14:45Z
synthetic-user-v1-000887,History Collector,Tech Futurist,0.2613,0.1715,0.4246,0.8146,0.5569,0.7484,0.5842,0.5706,0.1887,0.6279,18.2197,high,0.5116,0.458,0.6985,0.4732,0.5208,regular,synthetic_product_v1,synthetic_user_v1,42,2026-01-01T00:14:46Z
synthetic-user-v1-000888,Tech Futurist,,0.0,0.5583,0.6934,0.8202,0.5841,1.0,0.333,0.5068,0.5728,0.8372,13.6927,medium,0.4253,0.1728,0.9039,0.7357,0.8031,heavy,synthetic_product_v1,synthetic_user_v1,42,2026-01-01T00:14:47Z
synthetic-user-v1-000889,Eclectic Browser,,0.0,0.5682,0.5263,0.4132,0.208,0.7485,0.8283,0.6422,0.4264,0.5785,13.7288,medium,0.3429,0.3162,0.9683,0.8886,0.6785,regular,synthetic_product_v1,synthetic_user_v1,42,2026-01-01T00:14:48Z
synthetic-user-v1-000890,Thrill Seeker,,0.0,0.8663,0.218,0.6578,0.457,0.248,0.7713,0.4464,0.3981,0.9414,7.2,low,0.0,0.6781,0.951,0.7188,0.5909,regular,synthetic_product_v1,synthetic_user_v1,42,2026-01-01T00:14:49Z
synthetic-user-v1-000891,Fantasy Lover,,0.0,0.5768,0.3962,1.0,0.3919,0.2065,0.2769,0.8754,0.121,0.6212,17.8745,high,0.677,0.0066,0.627,0.6968,0.712,regular,synthetic_product_v1,synthetic_user_v1,42,2026-01-01T00:14:50Z
synthetic-user-v1-000892,Tech Futurist,,0.0,0.3994,0.562,0.5834,0.1395,1.0,0.3719,0.1014,0.4253,0.8236,11.6083,medium,0.5481,0.6608,0.4571,0.0,0.854,heavy,synthetic_product_v1,synthetic_user_v1,42,2026-01-01T00:14:51Z
synthetic-user-v1-000893,Eclectic Browser,Curious Generalist,0.3765,0.8273,0.5879,0.5895,0.578,0.475,0.462,0.6481,0.5018,0.7966,10.6709,low,0.1586,0.5262,0.7698,0.7622,0.8102,heavy,synthetic_product_v1,synthetic_user_v1,42,2026-01-01T00:14:52Z
synthetic-user-v1-000894,Luxury Collector,History Collector,0.3267,0.3447,0.574,0.6783,0.6373,0.3153,0.4046,0.6366,0.217,0.4912,13.0257,medium,0.8614,1.0,0.1852,0.0,0.2743,casual,synthetic_product_v1,synthetic_user_v1,42,2026-01-01T00:14:53Z
synthetic-user-v1-000895,Nature Explorer,,0.0,0.6871,0.2125,0.5945,0.3493,0.0532,1.0,0.5122,0.5752,0.7484,12.0535,medium,0.5339,0.415,0.6988,0.4522,0.7196,regular,synthetic_product_v1,synthetic_user_v1,42,2026-01-01T00:14:54Z
synthetic-user-v1-000896,Curious Generalist,,0.0,0.7875,0.5569,0.5492,0.7231,0.7467,0.6833,0.6658,0.6466,0.3809,11.5685,medium,0.84,0.6567,0.8339,0.3204,0.3698,regular,synthetic_product_v1,synthetic_user_v1,42,2026-01-01T00:14:55Z
synthetic-user-v1-000897,Fantasy Lover,,0.0,0.4422,0.5671,0.5808,0.4321,0.0826,0.3046,0.6638,0.462,0.6293,10.3876,low,0.6099,0.3837,0.6911,0.8234,0.6005,regular,synthetic_product_v1,synthetic_user_v1,42,2026-01-01T00:14:56Z
synthetic-user-v1-000898,Fantasy Lover,Space Enthusiast,0.2758,0.5019,0.8085,0.4299,0.351,0.6332,0.1227,0.7076,0.384,0.4984,15.0785,high,0.4257,0.3418,0.5515,0.5313,0.3952,regular,synthetic_product_v1,synthetic_user_v1,42,2026-01-01T00:14:57Z
synthetic-user-v1-000899,Thrill Seeker,,0.0,1.0,0.544,0.965,0.4145,0.5698,0.8868,0.3904,0.0185,0.5163,7.2,low,0.1634,0.4092,0.8384,0.5907,1.0,heavy,synthetic_product_v1,synthetic_user_v1,42,2026-01-01T00:14:58Z
synthetic-user-v1-000900,Eclectic Browser,,0.0,0.4841,0.4813,0.37,0.7298,0.488,0.6415,0.377,0.3532,0.4533,15.3269,high,0.4697,0.5883,0.66,0.3243,0.8868,heavy,synthetic_product_v1,synthetic_user_v1,42,2026-01-01T00:14:59Z
synthetic-user-v1-000901,Fantasy Lover,Thrill Seeker,0.2406,0.4981,0.479,0.5635,0.533,0.2205,0.2163,0.8497,0.2588,0.7442,9.6822,low,0.3617,0.5105,0.7974,0.6987,0.7488,regular,synthetic_product_v1,synthetic_user_v1,42,2026-01-01T00:15:00Z
synthetic-user-v1-000902,Eclectic Browser,,0.0,0.3236,0.4842,0.6003,0.1978,0.6579,0.6801,0.4679,0.5883,0.6613,15.9171,high,0.469,0.8671,0.604,0.6281,0.6858,regular,synthetic_product_v1,synthetic_user_v1,42,2026-01-01T00:15:01Z
synthetic-user-v1-000903,Space Enthusiast,,0.0,0.6412,0.6807,0.8327,0.293,0.4805,0.4019,0.4528,0.7992,0.7532,24.9241,absurd,0.3335,0.6286,0.4456,0.5506,0.5714,regular,synthetic_product_v1,synthetic_user_v1,42,2026-01-01T00:15:02Z
synthetic-user-v1-000904,History Collector,,0.0,0.0713,0.8338,0.8139,0.8605,0.5424,0.2027,0.1446,0.385,0.4219,12.6109,medium,0.5837,0.5305,0.3623,0.0,0.4313,regular,synthetic_product_v1,synthetic_user_v1,42,2026-01-01T00:15:03Z
synthetic-user-v1-000905,Eclectic Browser,,0.0,0.4782,0.4908,0.5959,0.3582,0.8431,0.6839,0.6021,0.0,0.5825,12.9984,medium,0.6186,0.7091,0.6988,0.7354,0.6332,regular,synthetic_product_v1,synthetic_user_v1,42,2026-01-01T00:15:04Z
synthetic-user-v1-000906,History Collector,,0.0,0.0911,0.7258,0.5577,0.9287,0.2579,0.5641,0.6301,0.4986,0.3585,18.188,high,0.3678,0.2841,0.3497,0.0462,0.4546,regular,synthetic_product_v1,synthetic_user_v1,42,2026-01-01T00:15:05Z
synthetic-user-v1-000907,Luxury Collector,,0.0,0.4543,0.8904,0.3492,0.6322,0.4701,0.3157,0.3994,0.3115,0.7858,16.596,high,0.5844,0.6538,0.2959,0.4497,0.3484,casual,synthetic_product_v1,synthetic_user_v1,42,2026-01-01T00:15:06Z
synthetic-user-v1-000908,Nature Explorer,Space Enthusiast,0.3464,0.4556,0.5124,0.7168,0.6885,0.1418,0.9076,0.2765,0.5281,0.44,16.3624,high,0.5664,0.2708,0.6574,0.4432,0.7947,regular,synthetic_product_v1,synthetic_user_v1,42,2026-01-01T00:15:07Z
synthetic-user-v1-000909,Tech Futurist,,0.0,0.6942,0.6377,0.8348,0.3672,0.7247,0.5199,0.2312,0.4387,0.643,19.8365,high,0.3581,0.5782,0.7533,0.4302,0.6175,regular,synthetic_product_v1,synthetic_user_v1,42,2026-01-01T00:15:08Z
synthetic-user-v1-000910,Thrill Seeker,Space Enthusiast,0.2911,0.837,0.6698,0.53,0.3499,0.4586,0.5968,0.2841,0.6254,0.7778,12.6265,medium,0.2062,0.3898,0.7276,0.8426,0.4356,regular,synthetic_product_v1,synthetic_user_v1,42,2026-01-01T00:15:09Z
synthetic-user-v1-000911,Thrill Seeker,,0.0,0.9607,0.4097,0.7208,0.4018,0.5947,0.4393,0.3933,0.2344,1.0,10.5324,low,0.2206,0.447,0.4777,0.8674,0.7355,regular,synthetic_product_v1,synthetic_user_v1,42,2026-01-01T00:15:10Z
synthetic-user-v1-000912,Curious Generalist,,0.0,0.3954,0.461,0.5724,0.456,0.3438,0.6019,0.5178,0.5589,0.5244,13.9981,medium,0.4431,0.674,0.5668,0.6073,0.7366,regular,synthetic_product_v1,synthetic_user_v1,42,2026-01-01T00:15:11Z
synthetic-user-v1-000913,Luxury Collector,,0.0,0.3289,0.9064,0.8925,0.4797,0.4865,0.3841,0.8485,0.3571,0.486,17.8311,high,0.6771,0.6565,0.3421,0.2821,0.5385,regular,synthetic_product_v1,synthetic_user_v1,42,2026-01-01T00:15:12Z
synthetic-user-v1-000914,Thrill Seeker,,0.0,0.8368,0.5856,0.7019,0.342,0.454,0.6314,0.5224,0.3346,0.9774,13.7335,medium,0.2536,0.8187,0.8683,0.5518,0.6041,regular,synthetic_product_v1,synthetic_user_v1,42,2026-01-01T00:15:13Z
synthetic-user-v1-000915,Luxury Collector,,0.0,0.3643,1.0,0.5532,0.7183,0.6369,0.5763,0.6167,0.2908,0.2655,16.6509,high,0.4197,0.8409,0.2438,0.5386,0.3598,regular,synthetic_product_v1,synthetic_user_v1,42,2026-01-01T00:15:14Z
synthetic-user-v1-000916,Curious Generalist,,0.0,0.5686,0.6843,0.6181,0.4322,0.5646,0.5345,0.6928,0.719,0.7289,14.4779,medium,0.7357,0.6966,0.7086,0.1253,0.7421,regular,synthetic_product_v1,synthetic_user_v1,42,2026-01-01T00:15:15Z
synthetic-user-v1-000917,Space Enthusiast,,0.0,0.5361,0.569,0.961,0.2302,0.5906,0.4756,0.1316,1.0,0.6603,21.4551,ultra_high,0.3957,0.2526,0.5852,0.3452,0.3455,casual,synthetic_product_v1,synthetic_user_v1,42,2026-01-01T00:15:16Z
synthetic-user-v1-000918,Power Seeker,Curious Generalist,0.3737,0.4536,0.7004,0.7247,0.5573,0.5638,0.2973,0.5264,0.4977,0.7847,17.8727,high,0.6413,0.6157,0.3181,1.0,0.4927,regular,synthetic_product_v1,synthetic_user_v1,42,2026-01-01T00:15:17Z
synthetic-user-v1-000919,Eclectic Browser,,0.0,0.4734,0.5053,0.6361,0.5261,0.5699,0.5983,0.4639,0.6088,0.7225,11.5171,medium,0.5572,0.3065,0.7003,0.6523,0.3949,regular,synthetic_product_v1,synthetic_user_v1,42,2026-01-01T00:15:18Z
synthetic-user-v1-000920,Fantasy Lover,,0.0,0.7471,0.8487,0.7196,0.5169,0.1345,0.5215,1.0,0.6549,0.5443,15.319,high,0.3505,0.5595,0.6204,0.628,0.2088,casual,synthetic_product_v1,synthetic_user_v1,42,2026-01-01T00:15:19Z
synthetic-user-v1-000921,Curious Generalist,History Collector,0.3399,0.4189,0.5874,0.7472,0.6218,0.3356,0.582,0.3626,0.5853,0.5525,9.161,low,0.6291,0.5036,0.5897,0.4794,0.7779,regular,synthetic_product_v1,synthetic_user_v1,42,2026-01-01T00:15:20Z
synthetic-user-v1-000922,Curious Generalist,,0.0,0.5319,0.3578,0.5173,0.576,0.4984,0.4711,0.2473,0.6217,0.364,14.4714,medium,0.5529,1.0,0.9588,0.6207,0.5639,regular,synthetic_product_v1,synthetic_user_v1,42,2026-01-01T00:15:21Z
synthetic-user-v1-000923,Fantasy Lover,Thrill Seeker,0.2076,0.4213,0.4077,0.571,0.3385,0.6156,0.2679,0.5974,0.2985,0.7042,13.0859,medium,0.4968,0.6556,0.7877,0.3043,0.3416,casual,synthetic_product_v1,synthetic_user_v1,42,2026-01-01T00:15:22Z
synthetic-user-v1-000924,Eclectic Browser,Power Seeker,0.3911,0.4546,0.6567,0.8246,0.6562,0.5019,0.4023,0.5283,0.639,0.4544,13.0952,medium,0.3743,0.2791,0.6949,0.4906,0.7079,regular,synthetic_product_v1,synthetic_user_v1,42,2026-01-01T00:15:23Z
synthetic-user-v1-000925,Nature Explorer,,0.0,0.6258,0.5242,0.6409,0.4242,0.3352,0.7675,0.531,0.1423,0.5844,12.0486,medium,0.6699,0.0,0.8152,0.4328,0.6029,regular,synthetic_product_v1,synthetic_user_v1,42,2026-01-01T00:15:24Z
synthetic-user-v1-000926,History Collector,,0.0,0.3173,0.8073,0.3222,0.7581,0.1498,0.4338,0.2751,0.442,0.2706,8.7581,low,0.8178,0.5168,0.3058,0.0462,0.3027,casual,synthetic_product_v1,synthetic_user_v1,42,2026-01-01T00:15:25Z
synthetic-user-v1-000927,Luxury Collector,,0.0,0.0,0.8559,0.2836,0.4254,0.5334,0.3799,0.448,0.3916,0.7177,13.4583,medium,0.4778,0.6963,0.3019,0.3727,0.3431,casual,synthetic_product_v1,synthetic_user_v1,42,2026-01-01T00:15:26Z
synthetic-user-v1-000928,Luxury Collector,,0.0,0.2647,0.77,0.6536,0.5076,0.4593,0.7021,0.7457,0.5245,0.49,16.3278,high,1.0,0.6681,0.0467,0.6708,0.3393,casual,synthetic_product_v1,synthetic_user_v1,42,2026-01-01T00:15:27Z
synthetic-user-v1-000929,Nature Explorer,,0.0,0.4938,0.3938,0.4586,0.4385,0.1788,1.0,0.3479,0.2614,0.5771,16.0814,high,0.7938,0.3745,0.4538,0.599,0.534,regular,synthetic_product_v1,synthetic_user_v1,42,2026-01-01T00:15:28Z
synthetic-user-v1-000930,Nature Explorer,,0.0,0.3831,0.432,0.5041,0.6009,0.4855,0.7035,0.2305,0.0898,0.561,7.2,low,0.8059,0.263,0.6264,0.2615,0.2717,casual,synthetic_product_v1,synthetic_user_v1,42,2026-01-01T00:15:29Z
synthetic-user-v1-000931,Luxury Collector,,0.0,0.3304,0.9495,0.6369,0.5612,0.4117,0.3819,0.3124,0.4626,0.5055,15.7749,high,0.5823,0.8021,0.1268,0.3919,0.2013,casual,synthetic_product_v1,synthetic_user_v1,42,2026-01-01T00:15:30Z
synthetic-user-v1-000932,Space Enthusiast,,0.0,0.7529,0.5922,0.5453,0.4657,0.3838,0.4223,0.2087,0.8471,0.6269,18.0163,high,0.1895,0.3172,0.4586,0.6264,0.4548,regular,synthetic_product_v1,synthetic_user_v1,42,2026-01-01T00:15:31Z
synthetic-user-v1-000933,Nature Explorer,,0.0,0.6158,0.3132,0.6012,0.6707,0.3804,1.0,0.3832,0.4691,0.4288,13.6629,medium,0.5083,0.3609,0.9737,0.3403,0.8066,heavy,synthetic_product_v1,synthetic_user_v1,42,2026-01-01T00:15:32Z
synthetic-user-v1-000934,Curious Generalist,Tech Futurist,0.2532,0.6937,0.3426,0.798,0.4834,0.6545,0.0451,0.6639,0.405,0.6214,18.1608,high,0.4928,0.5096,1.0,0.5323,0.5327,regular,synthetic_product_v1,synthetic_user_v1,42,2026-01-01T00:15:33Z
synthetic-user-v1-000935,History Collector,Eclectic Browser,0.2429,0.5307,0.4497,0.5745,0.5261,0.2252,0.7263,0.1954,0.143,0.88,16.4456,high,0.5714,0.4955,0.6595,0.4541,0.4211,regular,synthetic_product_v1,synthetic_user_v1,42,2026-01-01T00:15:34Z
synthetic-user-v1-000936,Curious Generalist,,0.0,0.4099,0.648,0.6533,0.4532,0.4953,0.3808,0.7717,0.5754,0.5532,16.5166,high,0.5159,0.6453,0.7278,0.5438,0.4693,regular,synthetic_product_v1,synthetic_user_v1,42,2026-01-01T00:15:35Z
synthetic-user-v1-000937,Tech Futurist,,0.0,0.5828,0.6007,0.7407,0.3872,0.722,0.2335,0.6477,0.5738,0.2893,13.6532,medium,0.1631,0.7074,0.7396,0.2051,0.6152,regular,synthetic_product_v1,synthetic_user_v1,42,2026-01-01T00:15:36Z
synthetic-user-v1-000938,Tech Futurist,,0.0,0.4163,0.1966,0.6341,0.3087,0.5517,0.1033,0.4482,0.5235,0.6773,12.5268,medium,0.8241,0.6006,0.7743,0.294,0.8353,heavy,synthetic_product_v1,synthetic_user_v1,42,2026-01-01T00:15:37Z
synthetic-user-v1-000939,Fantasy Lover,,0.0,0.2784,0.2829,0.5076,0.417,0.0692,0.2909,0.8728,0.7552,0.5038,14.5356,medium,0.6105,0.4057,0.7658,0.6379,0.1434,casual,synthetic_product_v1,synthetic_user_v1,42,2026-01-01T00:15:38Z
synthetic-user-v1-000940,Curious Generalist,,0.0,0.4565,0.5202,0.7584,0.4784,0.4546,0.3365,0.3422,0.4562,0.4898,13.1905,medium,0.361,0.7628,0.4661,0.6888,0.3605,regular,synthetic_product_v1,synthetic_user_v1,42,2026-01-01T00:15:39Z
synthetic-user-v1-000941,Power Seeker,,0.0,0.7285,0.6477,0.6166,0.4278,0.6485,0.2473,0.5887,0.1521,0.917,21.0126,ultra_high,0.4588,0.8323,0.5838,0.708,0.4103,regular,synthetic_product_v1,synthetic_user_v1,42,2026-01-01T00:15:40Z
synthetic-user-v1-000942,Eclectic Browser,Luxury Collector,0.2015,0.6817,0.8055,0.7121,0.2435,0.4164,0.4113,0.9823,0.5157,0.6297,24.5683,absurd,0.3974,0.3488,1.0,0.3524,0.3468,casual,synthetic_product_v1,synthetic_user_v1,42,2026-01-01T00:15:41Z
synthetic-user-v1-000943,Nature Explorer,,0.0,0.3106,0.4488,0.5405,0.6316,0.4359,1.0,0.4264,0.2919,0.623,9.891,low,0.6926,0.5437,0.7559,0.7071,0.3806,regular,synthetic_product_v1,synthetic_user_v1,42,2026-01-01T00:15:42Z
synthetic-user-v1-000944,Space Enthusiast,,0.0,0.4204,0.6274,0.8978,0.2493,0.5538,0.5131,0.6291,0.8517,0.7427,19.3334,high,0.2022,0.3503,0.5431,0.5914,0.6347,regular,synthetic_product_v1,synthetic_user_v1,42,2026-01-01T00:15:43Z
synthetic-user-v1-000945,Luxury Collector,Nature Explorer,0.3207,0.1562,1.0,0.9631,0.5828,0.135,0.7096,0.4899,0.4326,0.6953,21.1137,ultra_high,0.7059,0.4592,0.3757,0.3001,0.0263,casual,synthetic_product_v1,synthetic_user_v1,42,2026-01-01T00:15:44Z
synthetic-user-v1-000946,Space Enthusiast,,0.0,0.5798,0.5946,0.7356,0.4942,0.7219,0.57,0.3427,1.0,0.4137,21.41,ultra_high,0.4988,0.334,0.6399,0.4491,0.4444,regular,synthetic_product_v1,synthetic_user_v1,42,2026-01-01T00:15:45Z
synthetic-user-v1-000947,Curious Generalist,,0.0,0.4254,0.5124,0.2353,0.2799,0.3344,0.552,0.4115,0.4418,0.7247,16.3792,high,0.4295,0.8982,0.5081,0.625,0.6754,regular,synthetic_product_v1,synthetic_user_v1,42,2026-01-01T00:15:46Z
synthetic-user-v1-000948,History Collector,Power Seeker,0.3585,0.4303,0.7958,0.3807,0.6561,0.4563,0.5449,0.5025,0.3465,0.7849,15.9296,high,0.5498,0.5898,0.2839,0.0047,0.0676,casual,synthetic_product_v1,synthetic_user_v1,42,2026-01-01T00:15:47Z
synthetic-user-v1-000949,Curious Generalist,,0.0,0.3257,0.4941,0.4456,0.7589,0.7437,0.9297,0.6039,0.4482,0.7057,17.7238,high,0.42,0.4881,0.7928,0.6425,0.5054,regular,synthetic_product_v1,synthetic_user_v1,42,2026-01-01T00:15:48Z
synthetic-user-v1-000950,Thrill Seeker,Curious Generalist,0.3352,0.3179,0.3335,0.7585,0.2306,0.6655,0.5424,0.5397,0.5216,0.9909,17.0173,high,0.45,0.6944,0.4482,0.9311,0.9788,heavy,synthetic_product_v1,synthetic_user_v1,42,2026-01-01T00:15:49Z
synthetic-user-v1-000951,Space Enthusiast,,0.0,0.4627,0.1217,0.6279,0.1771,0.687,0.4383,0.0946,0.9641,0.5906,18.2709,high,0.6821,0.5699,0.4116,0.8447,0.5005,regular,synthetic_product_v1,synthetic_user_v1,42,2026-01-01T00:15:50Z
synthetic-user-v1-000952,Power Seeker,,0.0,0.7317,0.5491,0.707,0.6429,0.6302,0.368,0.3224,0.7276,0.9955,16.1748,high,0.3011,0.7325,0.3083,0.9698,0.5393,regular,synthetic_product_v1,synthetic_user_v1,42,2026-01-01T00:15:51Z
synthetic-user-v1-000953,Eclectic Browser,Tech Futurist,0.265,0.2645,0.4366,0.6776,0.7825,0.5858,0.5993,0.5322,0.5694,0.8067,12.7787,medium,0.3935,0.8115,0.9738,0.3591,0.604,regular,synthetic_product_v1,synthetic_user_v1,42,2026-01-01T00:15:52Z
synthetic-user-v1-000954,Eclectic Browser,,0.0,0.6493,0.6536,0.7687,0.6091,0.551,0.5634,0.8382,0.4708,0.6663,18.4888,high,0.625,0.1447,0.7429,0.3697,0.7331,regular,synthetic_product_v1,synthetic_user_v1,42,2026-01-01T00:15:53Z
synthetic-user-v1-000955,Thrill Seeker,,0.0,0.6033,0.506,0.9192,0.463,0.2751,0.3345,0.4189,0.2409,0.6991,10.2918,low,0.1699,0.3222,0.7292,0.6283,0.2547,casual,synthetic_product_v1,synthetic_user_v1,42,2026-01-01T00:15:54Z
synthetic-user-v1-000956,Space Enthusiast,,0.0,0.4618,0.1413,0.4923,0.1072,0.6121,0.7038,0.1698,0.7488,0.5004,23.9224,ultra_high,0.3148,0.2517,0.8926,0.6839,0.551,regular,synthetic_product_v1,synthetic_user_v1,42,2026-01-01T00:15:55Z
synthetic-user-v1-000957,Thrill Seeker,,0.0,0.8672,0.5364,0.8576,0.0242,0.6788,0.6031,0.6853,0.3227,0.7887,12.9236,medium,0.5122,0.4891,0.9345,0.6738,0.7658,regular,synthetic_product_v1,synthetic_user_v1,42,2026-01-01T00:15:56Z
synthetic-user-v1-000958,Fantasy Lover,,0.0,0.5341,0.6056,0.7836,0.3572,0.1895,0.7132,0.9376,0.5021,0.9558,12.458,medium,0.7393,0.2167,0.6052,0.3221,0.6373,regular,synthetic_product_v1,synthetic_user_v1,42,2026-01-01T00:15:57Z
synthetic-user-v1-000959,Eclectic Browser,History Collector,0.2242,0.5464,0.515,0.7016,0.9025,0.7548,0.5794,0.422,0.5926,0.8295,19.3422,high,0.4466,0.371,0.6174,0.6536,0.406,regular,synthetic_product_v1,synthetic_user_v1,42,2026-01-01T00:15:58Z
synthetic-user-v1-000960,Power Seeker,,0.0,0.4965,0.6867,0.6447,0.4365,0.6982,0.4583,0.4236,0.5417,0.8218,11.9871,medium,0.1399,0.4716,0.6151,0.8417,0.5147,regular,synthetic_product_v1,synthetic_user_v1,42,2026-01-01T00:15:59Z
synthetic-user-v1-000961,Power Seeker,Luxury Collector,0.2553,0.6369,0.4168,0.5417,0.4835,0.4671,0.5706,0.6708,0.4093,0.7812,17.2833,high,0.3071,0.8788,0.4232,0.7245,0.9426,heavy,synthetic_product_v1,synthetic_user_v1,42,2026-01-01T00:16:00Z
synthetic-user-v1-000962,Curious Generalist,Nature Explorer,0.3887,0.1284,0.6754,0.5573,0.4463,0.4508,0.9088,0.4583,0.0349,0.6925,12.9596,medium,0.5758,0.5659,0.429,0.1242,0.3857,regular,synthetic_product_v1,synthetic_user_v1,42,2026-01-01T00:16:01Z
synthetic-user-v1-000963,Luxury Collector,Eclectic Browser,0.3418,0.3129,0.4201,1.0,0.3929,0.6815,0.473,0.4487,0.5824,0.7505,10.4176,low,0.822,0.9602,0.4048,0.1674,0.4404,regular,synthetic_product_v1,synthetic_user_v1,42,2026-01-01T00:16:02Z
synthetic-user-v1-000964,Power Seeker,Fantasy Lover,0.3096,0.785,0.5773,0.7495,0.2776,0.4438,0.3335,0.5838,0.1833,0.6435,14.8192,medium,0.0849,0.6022,0.3704,0.6446,0.6108,regular,synthetic_product_v1,synthetic_user_v1,42,2026-01-01T00:16:03Z
synthetic-user-v1-000965,Space Enthusiast,,0.0,0.4053,0.3515,0.7323,0.3191,0.943,0.5552,0.213,0.9258,0.6955,17.2641,high,0.395,0.5025,0.5675,0.55,0.6012,regular,synthetic_product_v1,synthetic_user_v1,42,2026-01-01T00:16:04Z
synthetic-user-v1-000966,Nature Explorer,,0.0,0.4302,0.3932,0.4698,0.612,0.0966,0.6132,0.1591,0.3607,0.5254,16.2715,high,1.0,0.3658,0.8579,0.2647,0.5582,regular,synthetic_product_v1,synthetic_user_v1,42,2026-01-01T00:16:05Z
synthetic-user-v1-000967,History Collector,Eclectic Browser,0.3568,0.3283,0.7622,0.663,0.723,0.2863,0.5361,0.6826,0.4932,0.3998,16.7177,high,0.7287,0.1195,0.2965,0.2415,0.4682,regular,synthetic_product_v1,synthetic_user_v1,42,2026-01-01T00:16:06Z
synthetic-user-v1-000968,Eclectic Browser,Power Seeker,0.388,0.5443,0.4547,0.716,0.7224,0.8526,0.4042,0.7644,0.2299,0.7818,19.8842,high,0.4323,0.7707,0.8102,0.6858,0.3904,regular,synthetic_product_v1,synthetic_user_v1,42,2026-01-01T00:16:07Z
synthetic-user-v1-000969,History Collector,,0.0,0.3039,0.7896,0.2174,0.9065,0.2232,0.7525,0.5965,0.4604,0.7445,20.9956,ultra_high,0.9253,0.4215,0.3467,0.3029,0.2123,casual,synthetic_product_v1,synthetic_user_v1,42,2026-01-01T00:16:08Z
synthetic-user-v1-000970,Thrill Seeker,,0.0,0.8124,0.7253,0.5853,0.0,0.6903,0.5133,0.4678,0.5838,0.9841,9.657,low,0.4066,0.657,0.6044,1.0,0.7211,regular,synthetic_product_v1,synthetic_user_v1,42,2026-01-01T00:16:09Z
synthetic-user-v1-000971,Fantasy Lover,,0.0,0.619,0.5622,0.3373,0.4312,0.3914,0.2672,0.7747,0.0843,0.6852,13.6208,medium,0.5413,0.8942,0.4952,0.6237,0.3735,regular,synthetic_product_v1,synthetic_user_v1,42,2026-01-01T00:16:10Z
synthetic-user-v1-000972,Fantasy Lover,,0.0,0.4015,0.6988,0.7739,0.2512,0.2553,0.4265,0.8478,0.0,0.4845,7.5551,low,0.5189,0.4631,0.6909,0.4924,0.3082,casual,synthetic_product_v1,synthetic_user_v1,42,2026-01-01T00:16:11Z
synthetic-user-v1-000973,Fantasy Lover,Eclectic Browser,0.3495,0.7067,0.5801,1.0,0.3759,0.1471,0.5416,0.8071,0.4366,0.3582,13.2798,medium,0.2907,0.7269,0.666,0.8828,0.3038,casual,synthetic_product_v1,synthetic_user_v1,42,2026-01-01T00:16:12Z
synthetic-user-v1-000974,Eclectic Browser,,0.0,0.4124,0.6499,0.5543,0.3838,0.7932,0.5339,0.491,0.376,0.3431,11.9316,medium,0.3363,0.4375,0.9234,0.4365,0.6345,regular,synthetic_product_v1,synthetic_user_v1,42,2026-01-01T00:16:13Z
synthetic-user-v1-000975,Nature Explorer,,0.0,0.4272,0.5579,0.8476,0.6821,0.4705,0.9977,0.2338,0.0,0.6065,12.2147,medium,0.8292,0.4207,1.0,0.3879,0.5065,regular,synthetic_product_v1,synthetic_user_v1,42,2026-01-01T00:16:14Z
synthetic-user-v1-000976,Curious Generalist,,0.0,0.4574,0.6871,0.8472,0.4363,0.3806,0.5059,0.4546,0.5665,0.4706,18.405,high,0.4569,0.6567,0.6993,0.1087,0.3345,casual,synthetic_product_v1,synthetic_user_v1,42,2026-01-01T00:16:15Z
synthetic-user-v1-000977,Nature Explorer,,0.0,0.6057,0.298,0.9157,0.5981,0.4496,0.8575,0.2949,0.1757,0.4044,11.3889,medium,0.4684,0.2811,0.9341,0.4374,0.5624,regular,synthetic_product_v1,synthetic_user_v1,42,2026-01-01T00:16:16Z
synthetic-user-v1-000978,Tech Futurist,History Collector,0.2765,0.5805,0.9546,0.6457,0.6286,0.6974,0.527,0.2929,0.3807,0.6613,15.7776,high,0.4366,0.4372,0.4855,0.587,0.2434,casual,synthetic_product_v1,synthetic_user_v1,42,2026-01-01T00:16:17Z
synthetic-user-v1-000979,Eclectic Browser,Power Seeker,0.2319,0.3632,0.4258,0.7281,0.4826,0.876,0.402,0.5671,0.5666,0.547,13.1298,medium,0.5595,0.5854,0.8983,1.0,1.0,heavy,synthetic_product_v1,synthetic_user_v1,42,2026-01-01T00:16:18Z
synthetic-user-v1-000980,Eclectic Browser,,0.0,0.4159,0.3416,0.6925,0.2837,0.4155,0.7513,0.8257,0.5007,0.4035,11.4953,medium,0.579,0.7089,0.6116,0.735,0.8361,heavy,synthetic_product_v1,synthetic_user_v1,42,2026-01-01T00:16:19Z
synthetic-user-v1-000981,Curious Generalist,,0.0,0.3569,0.8598,0.577,0.8977,0.2861,0.0112,0.6956,0.3322,0.6822,20.3775,ultra_high,0.152,0.2626,1.0,0.8757,0.6341,regular,synthetic_product_v1,synthetic_user_v1,42,2026-01-01T00:16:20Z
synthetic-user-v1-000982,Curious Generalist,,0.0,0.5211,0.5139,0.5709,0.4586,0.6515,0.7705,0.2295,0.603,0.4581,15.8556,high,0.376,0.448,0.7968,0.3644,0.2882,casual,synthetic_product_v1,synthetic_user_v1,42,2026-01-01T00:16:21Z
synthetic-user-v1-000983,Curious Generalist,,0.0,0.7922,0.6126,0.7601,0.6216,0.5504,0.6085,0.4678,0.4513,0.3798,18.43,high,0.3074,0.7783,0.532,0.51,0.4312,regular,synthetic_product_v1,synthetic_user_v1,42,2026-01-01T00:16:22Z
synthetic-user-v1-000984,History Collector,,0.0,0.3358,0.6233,0.7539,0.9087,0.4732,0.4807,0.2739,0.3042,0.5017,16.2329,high,0.7895,0.4545,0.6175,0.3877,0.5321,regular,synthetic_product_v1,synthetic_user_v1,42,2026-01-01T00:16:23Z
synthetic-user-v1-000985,Nature Explorer,,0.0,0.4468,0.4404,0.552,0.6898,0.3741,0.9429,0.1128,0.0785,0.4264,11.2583,medium,0.5607,0.3501,0.3256,0.3086,0.4308,regular,synthetic_product_v1,synthetic_user_v1,42,2026-01-01T00:16:24Z
synthetic-user-v1-000986,Curious Generalist,Power Seeker,0.2141,0.4021,0.9331,0.7744,0.321,0.4377,0.407,0.3918,0.1522,0.7668,14.9697,medium,0.261,0.4672,0.6165,0.4885,0.494,regular,synthetic_product_v1,synthetic_user_v1,42,2026-01-01T00:16:25Z
synthetic-user-v1-000987,Tech Futurist,,0.0,0.4896,0.7625,0.7242,0.5902,0.7867,0.0,0.291,0.2929,0.5888,16.8392,high,0.4478,0.6121,0.6533,0.3358,0.7899,regular,synthetic_product_v1,synthetic_user_v1,42,2026-01-01T00:16:26Z
synthetic-user-v1-000988,Luxury Collector,,0.0,0.329,0.9486,0.6991,0.6453,0.7019,0.4495,0.4252,0.4165,0.772,16.2941,high,0.5964,0.7978,0.2284,0.3104,0.8551,heavy,synthetic_product_v1,synthetic_user_v1,42,2026-01-01T00:16:27Z
synthetic-user-v1-000989,Power Seeker,Space Enthusiast,0.3323,0.3639,0.4774,0.6886,0.5578,0.5517,0.5091,0.7638,0.6065,0.5733,16.6341,high,0.0727,0.809,0.4687,0.3909,0.9182,heavy,synthetic_product_v1,synthetic_user_v1,42,2026-01-01T00:16:28Z
synthetic-user-v1-000990,Fantasy Lover,,0.0,0.2429,0.4551,0.7829,0.8124,0.3792,0.4771,0.9754,0.0527,0.778,11.7449,medium,0.5864,0.4216,1.0,0.5018,0.5163,regular,synthetic_product_v1,synthetic_user_v1,42,2026-01-01T00:16:29Z
synthetic-user-v1-000991,Curious Generalist,,0.0,0.6468,0.3858,0.6697,0.326,0.4282,0.7151,0.5483,0.5702,0.5175,9.3658,low,0.7264,0.5914,1.0,0.1646,0.4818,regular,synthetic_product_v1,synthetic_user_v1,42,2026-01-01T00:16:30Z
synthetic-user-v1-000992,Power Seeker,Curious Generalist,0.3769,0.7466,0.683,0.7519,0.4313,0.5304,0.288,0.5772,0.6679,0.7851,21.755,ultra_high,0.4469,0.7693,0.5794,0.9893,0.6513,regular,synthetic_product_v1,synthetic_user_v1,42,2026-01-01T00:16:31Z
synthetic-user-v1-000993,Curious Generalist,,0.0,0.5715,0.6843,0.6905,0.5007,0.5922,0.283,0.5811,0.6112,0.7775,11.6894,medium,0.4919,0.5034,0.3999,0.2845,0.159,casual,synthetic_product_v1,synthetic_user_v1,42,2026-01-01T00:16:32Z
synthetic-user-v1-000994,Eclectic Browser,,0.0,0.5117,0.3897,0.6978,0.3402,0.7062,0.7558,0.7045,0.4474,0.8157,13.76,medium,0.4359,0.4033,0.769,0.5592,0.4712,regular,synthetic_product_v1,synthetic_user_v1,42,2026-01-01T00:16:33Z
synthetic-user-v1-000995,Eclectic Browser,Fantasy Lover,0.3834,0.2984,0.5593,0.6088,0.1797,0.8854,0.6718,0.6316,0.4033,0.7657,13.1376,medium,0.6602,0.2972,1.0,0.7753,0.7606,regular,synthetic_product_v1,synthetic_user_v1,42,2026-01-01T00:16:34Z
synthetic-user-v1-000996,Space Enthusiast,,0.0,0.3255,0.7256,0.9154,0.3722,0.6611,0.5487,0.4497,0.8369,0.6603,27.2,absurd,0.7225,0.9062,0.6923,0.4813,0.3469,casual,synthetic_product_v1,synthetic_user_v1,42,2026-01-01T00:16:35Z
synthetic-user-v1-000997,Power Seeker,Tech Futurist,0.331,0.5641,0.2456,0.846,0.2326,1.0,0.5545,0.7025,0.3933,0.7395,13.9802,medium,0.0255,0.671,0.3364,0.3506,0.5136,regular,synthetic_product_v1,synthetic_user_v1,42,2026-01-01T00:16:36Z
synthetic-user-v1-000998,Curious Generalist,History Collector,0.2438,0.1396,0.7392,0.7822,0.2959,0.48,0.7506,0.7126,0.4316,0.7968,19.5209,high,0.6074,0.6084,0.6414,0.5333,0.6302,regular,synthetic_product_v1,synthetic_user_v1,42,2026-01-01T00:16:37Z
synthetic-user-v1-000999,Curious Generalist,Tech Futurist,0.2006,0.5508,0.5346,0.5995,0.2759,0.7483,0.4153,0.3319,0.5185,0.3705,12.4109,medium,0.8705,0.4443,0.4309,0.5665,0.5996,regular,synthetic_product_v1,synthetic_user_v1,42,2026-01-01T00:16:38Z
synthetic-user-v1-001000,Nature Explorer,,0.0,0.4559,0.5506,0.2114,0.6004,0.3404,0.9106,0.2654,0.5488,0.4283,14.5241,medium,0.6534,0.3349,0.726,0.8986,0.5554,regular,synthetic_product_v1,synthetic_user_v1,42,2026-01-01T00:16:39Z
